101	1/1/2016	141	IC1	6377	LOC4	Y	2	10	20
102	1/1/2016	554	IC1	8613	LOC1	Y	10	10	100
101	1/1/2016	932	IC1	1913	LOC4	N	6	10	60
101	1/1/2016	1415	IC1	9339	LOC6	N	2	10	20
101	1/1/2016	3252	IC1	354	LOC5	Y	6	10	60
103	1/1/2016	3683	IC1	4156	LOC5	Y	5	10	50
102	1/1/2016	3958	IC1	3124	LOC10	N	6	10	60
102	1/1/2016	4147	IC1	5468	LOC9	N	6	10	60
103	1/1/2016	4418	IC1	3119	LOC7	Y	3	10	30
103	1/1/2016	5744	IC1	4108	LOC10	N	4	10	40
101	1/1/2016	5937	IC1	4579	LOC7	N	4	10	40
102	1/1/2016	5981	IC1	2994	LOC5	Y	5	10	50
102	1/1/2016	6063	IC1	4044	LOC4	N	7	10	70
101	1/1/2016	6235	IC1	242	LOC5	N	2	10	20
102	1/1/2016	6341	IC1	9027	LOC6	Y	2	10	20
101	1/1/2016	6738	IC1	6402	LOC2	Y	2	10	20
103	1/1/2016	6830	IC1	7088	LOC8	N	8	10	80
102	1/1/2016	7089	IC1	3925	LOC1	N	6	10	60
102	1/1/2016	8031	IC1	5204	LOC10	Y	5	10	50
103	1/1/2016	8041	IC1	346	LOC9	Y	3	10	30
102	1/1/2016	8144	IC1	3650	LOC3	N	7	10	70
103	1/1/2016	8206	IC1	6409	LOC7	Y	1	10	10
103	1/1/2016	8206	IC1	6409	LOC7	Y	8	10	80
102	1/1/2016	8212	IC1	8583	LOC8	Y	3	10	30
101	1/1/2016	8892	IC1	9511	LOC7	Y	9	10	90
101	1/1/2016	8919	IC1	7191	LOC1	Y	3	10	30
102	1/1/2016	9492	IC1	3661	LOC9	Y	2	10	20
102	1/1/2016	9492	IC1	3661	LOC9	Y	5	10	50
101	1/1/2016	11433	IC1	1285	LOC8	N	2	10	20
102	1/1/2016	12724	IC1	2511	LOC1	Y	9	10	90
102	1/1/2016	13404	IC1	7677	LOC5	N	3	10	30
102	1/1/2016	13549	IC1	3167	LOC6	Y	4	10	40
102	1/1/2016	14159	IC1	5512	LOC5	N	10	10	100
103	1/1/2016	14860	IC1	1420	LOC8	N	8	10	80
101	1/1/2016	14969	IC1	7270	LOC10	N	4	10	40
103	1/1/2016	15493	IC1	4023	LOC7	N	7	10	70
101	1/1/2016	17275	IC1	4991	LOC8	Y	2	10	20
101	1/1/2016	18770	IC1	4982	LOC9	N	2	10	20
101	1/1/2016	18770	IC1	4982	LOC9	N	3	10	30
102	1/1/2016	20927	IC1	6037	LOC3	N	10	10	100
103	1/1/2016	22140	IC1	1099	LOC6	N	8	10	80
102	1/1/2016	22147	IC1	4221	LOC1	N	2	10	20
102	1/1/2016	22296	IC1	39	LOC4	Y	8	10	80
103	1/1/2016	22422	IC1	864	LOC7	N	2	10	20
102	1/1/2016	22770	IC1	3323	LOC10	N	7	10	70
102	1/1/2016	23730	IC1	6639	LOC8	Y	2	10	20
102	1/1/2016	24374	IC1	5746	LOC2	N	1	10	10
103	1/1/2016	25758	IC1	4156	LOC6	N	9	10	90
101	1/1/2016	25807	IC1	5889	LOC4	N	1	10	10
103	1/1/2016	26042	IC1	6045	LOC1	N	4	10	40
102	1/1/2016	26050	IC1	36	LOC2	Y	7	10	70
102	1/1/2016	26273	IC1	6970	LOC2	N	6	10	60
101	1/1/2016	27416	IC1	9258	LOC2	N	8	10	80
101	1/1/2016	28093	IC1	5651	LOC2	N	8	10	80
102	1/1/2016	28735	IC1	3983	LOC1	Y	4	10	40
102	1/1/2016	28860	IC1	383	LOC3	N	4	10	40
103	1/1/2016	29211	IC1	5593	LOC4	N	10	10	100
103	1/1/2016	29211	IC1	5593	LOC4	N	9	10	90
102	1/1/2016	30191	IC1	1304	LOC6	Y	7	10	70
103	1/1/2016	31390	IC1	3212	LOC8	Y	1	10	10
103	1/1/2016	31554	IC1	8231	LOC3	N	3	10	30
103	1/1/2016	31820	IC1	8839	LOC5	Y	9	10	90
103	1/1/2016	33051	IC1	7542	LOC5	N	5	10	50
101	1/1/2016	34346	IC1	5858	LOC8	N	4	10	40
101	1/1/2016	34616	IC1	1988	LOC9	N	6	10	60
102	1/1/2016	34856	IC1	360	LOC8	N	5	10	50
101	1/1/2016	35549	IC1	7189	LOC1	N	7	10	70
101	1/1/2016	36150	IC1	2358	LOC6	Y	3	10	30
103	1/1/2016	36239	IC1	4384	LOC8	N	5	10	50
101	1/1/2016	36262	IC1	1455	LOC2	N	7	10	70
101	1/1/2016	36785	IC1	3529	LOC7	N	8	10	80
101	1/1/2016	36807	IC1	4440	LOC4	Y	1	10	10
102	1/1/2016	36819	IC1	6370	LOC4	Y	9	10	90
103	1/1/2016	36978	IC1	5788	LOC9	Y	10	10	100
103	1/1/2016	36990	IC1	511	LOC5	N	2	10	20
102	1/1/2016	37243	IC1	2097	LOC9	N	9	10	90
102	1/1/2016	37243	IC1	2097	LOC9	N	10	10	100
103	1/1/2016	37311	IC1	7428	LOC1	Y	8	10	80
103	1/1/2016	37928	IC1	6725	LOC4	N	3	10	30
102	1/1/2016	38116	IC1	1143	LOC8	N	1	10	10
101	1/1/2016	39414	IC1	9998	LOC10	Y	9	10	90
102	1/1/2016	39458	IC1	5581	LOC9	N	10	10	100
102	1/1/2016	39489	IC1	7647	LOC7	Y	9	10	90
101	1/1/2016	39577	IC1	7049	LOC7	N	7	10	70
103	1/1/2016	39580	IC1	3617	LOC6	Y	9	10	90
101	1/1/2016	39612	IC1	4469	LOC3	N	10	10	100
103	1/1/2016	39988	IC1	360	LOC6	Y	4	10	40
101	1/1/2016	40080	IC1	6875	LOC6	N	6	10	60
103	1/1/2016	40239	IC1	3073	LOC5	Y	9	10	90
102	1/1/2016	40387	IC1	987	LOC9	Y	8	10	80
103	1/1/2016	41203	IC1	8789	LOC8	Y	9	10	90
103	1/1/2016	41245	IC1	8294	LOC2	Y	3	10	30
103	1/1/2016	41809	IC1	1643	LOC1	Y	5	10	50
101	1/1/2016	43521	IC1	4795	LOC6	Y	6	10	60
103	1/1/2016	43972	IC1	9894	LOC1	N	8	10	80
103	1/1/2016	44451	IC1	2816	LOC5	N	1	10	10
103	1/1/2016	44579	IC1	9330	LOC3	N	1	10	10
102	1/1/2016	44582	IC1	9610	LOC5	Y	6	10	60
103	1/1/2016	45590	IC1	3680	LOC4	N	9	10	90
101	1/1/2016	45615	IC1	108	LOC3	N	1	10	10
103	1/1/2016	46083	IC1	7039	LOC1	Y	10	10	100
103	1/1/2016	46212	IC1	4028	LOC4	Y	8	10	80
101	1/1/2016	46321	IC1	7302	LOC9	Y	4	10	40
101	1/1/2016	47629	IC1	4188	LOC10	Y	7	10	70
103	1/1/2016	47940	IC1	1968	LOC2	N	9	10	90
103	1/1/2016	47986	IC1	1958	LOC9	N	7	10	70
101	1/1/2016	48604	IC1	8554	LOC7	N	4	10	40
101	1/1/2016	48604	IC1	8554	LOC7	N	1	10	10
102	1/1/2016	48720	IC1	8308	LOC6	Y	10	10	100
103	1/1/2016	50164	IC1	4966	LOC4	N	7	10	70
103	1/1/2016	50247	IC1	7455	LOC9	N	10	10	100
102	1/1/2016	50413	IC1	1554	LOC2	Y	4	10	40
103	1/1/2016	50740	IC1	5823	LOC6	Y	8	10	80
103	1/1/2016	50740	IC1	5823	LOC6	Y	5	10	50
101	1/1/2016	50770	IC1	1561	LOC5	N	6	10	60
102	1/1/2016	50954	IC1	2971	LOC5	Y	7	10	70
101	1/1/2016	51035	IC1	6974	LOC4	Y	7	10	70
102	1/1/2016	51568	IC1	9474	LOC4	Y	9	10	90
102	1/1/2016	51989	IC1	97	LOC8	N	4	10	40
101	1/1/2016	52751	IC1	5877	LOC2	Y	9	10	90
102	1/1/2016	53083	IC1	3838	LOC5	N	8	10	80
102	1/1/2016	53083	IC1	3838	LOC5	N	10	10	100
102	1/1/2016	54062	IC1	7651	LOC8	N	2	10	20
102	1/1/2016	55122	IC1	4344	LOC6	Y	2	10	20
103	1/1/2016	56277	IC1	5170	LOC10	Y	5	10	50
103	1/1/2016	56332	IC1	8772	LOC9	Y	6	10	60
101	1/1/2016	56893	IC1	5341	LOC8	N	1	10	10
101	1/1/2016	56978	IC1	5805	LOC10	Y	10	10	100
103	1/1/2016	57224	IC1	8961	LOC2	Y	4	10	40
103	1/1/2016	57240	IC1	8851	LOC10	N	6	10	60
101	1/1/2016	57254	IC1	2064	LOC9	N	2	10	20
102	1/1/2016	57788	IC1	4088	LOC1	Y	10	10	100
101	1/1/2016	57846	IC1	7062	LOC7	N	1	10	10
102	1/1/2016	58126	IC1	582	LOC4	N	4	10	40
102	1/1/2016	58339	IC1	3352	LOC3	Y	1	10	10
101	1/1/2016	58435	IC1	1501	LOC7	N	3	10	30
103	1/1/2016	59890	IC1	2554	LOC8	Y	1	10	10
102	1/1/2016	60098	IC1	4739	LOC5	N	9	10	90
102	1/1/2016	60367	IC1	8670	LOC9	Y	9	10	90
103	1/1/2016	60428	IC1	699	LOC2	N	9	10	90
103	1/1/2016	60926	IC1	3451	LOC5	Y	3	10	30
101	1/1/2016	62045	IC1	5538	LOC6	Y	7	10	70
101	1/1/2016	62045	IC1	5538	LOC6	Y	9	10	90
103	1/1/2016	62076	IC1	8161	LOC5	Y	9	10	90
102	1/1/2016	62277	IC1	5808	LOC1	Y	8	10	80
102	1/1/2016	63140	IC1	1343	LOC1	N	8	10	80
101	1/1/2016	63763	IC1	4933	LOC2	Y	8	10	80
101	1/1/2016	64111	IC1	5500	LOC6	Y	1	10	10
103	1/1/2016	64286	IC1	1584	LOC1	Y	7	10	70
103	1/1/2016	64581	IC1	8220	LOC9	N	8	10	80
103	1/1/2016	65358	IC1	4093	LOC1	Y	3	10	30
102	1/1/2016	65617	IC1	7271	LOC8	Y	9	10	90
101	1/1/2016	65630	IC1	8136	LOC3	N	1	10	10
102	1/1/2016	65631	IC1	4541	LOC5	Y	7	10	70
101	1/1/2016	66105	IC1	9589	LOC6	N	1	10	10
103	1/1/2016	68103	IC1	1737	LOC5	N	1	10	10
102	1/1/2016	68603	IC1	4358	LOC9	N	9	10	90
103	1/1/2016	68813	IC1	2509	LOC7	Y	3	10	30
103	1/1/2016	69494	IC1	2677	LOC5	N	6	10	60
103	1/1/2016	69532	IC1	7801	LOC1	Y	6	10	60
103	1/1/2016	69546	IC1	2902	LOC2	N	8	10	80
101	1/1/2016	69736	IC1	2067	LOC2	N	10	10	100
101	1/1/2016	69857	IC1	4132	LOC7	N	8	10	80
101	1/1/2016	69857	IC1	4132	LOC7	N	7	10	70
101	1/1/2016	70201	IC1	6999	LOC1	N	4	10	40
103	1/1/2016	70447	IC1	9845	LOC2	Y	9	10	90
102	1/1/2016	70622	IC1	9914	LOC2	N	8	10	80
103	1/1/2016	71344	IC1	3550	LOC1	Y	4	10	40
103	1/1/2016	72162	IC1	6490	LOC5	Y	9	10	90
103	1/1/2016	72162	IC1	6490	LOC5	Y	1	10	10
101	1/1/2016	73824	IC1	4838	LOC9	Y	2	10	20
101	1/1/2016	73824	IC1	4838	LOC9	Y	4	10	40
103	1/1/2016	73939	IC1	2999	LOC2	N	10	10	100
102	1/1/2016	75201	IC1	3755	LOC1	N	8	10	80
102	1/1/2016	75201	IC1	3755	LOC1	N	4	10	40
102	1/1/2016	75352	IC1	8086	LOC2	N	10	10	100
101	1/1/2016	76723	IC1	402	LOC2	Y	5	10	50
102	1/1/2016	77189	IC1	9647	LOC10	Y	3	10	30
102	1/1/2016	78387	IC1	1872	LOC2	Y	4	10	40
102	1/1/2016	78550	IC1	4107	LOC1	Y	10	10	100
102	1/1/2016	78911	IC1	7327	LOC10	N	8	10	80
103	1/1/2016	79058	IC1	7170	LOC1	N	8	10	80
101	1/1/2016	79084	IC1	3861	LOC5	N	7	10	70
102	1/1/2016	79639	IC1	9393	LOC4	Y	4	10	40
102	1/1/2016	80339	IC1	4585	LOC4	Y	9	10	90
103	1/1/2016	80924	IC1	7819	LOC3	Y	9	10	90
103	1/1/2016	81285	IC1	6405	LOC3	Y	2	10	20
101	1/1/2016	81705	IC1	3304	LOC9	Y	6	10	60
102	1/1/2016	82038	IC1	7474	LOC4	N	6	10	60
103	1/1/2016	82133	IC1	7652	LOC7	Y	10	10	100
103	1/1/2016	82214	IC1	1228	LOC8	N	6	10	60
102	1/1/2016	82475	IC1	3694	LOC2	N	6	10	60
103	1/1/2016	82649	IC1	9017	LOC5	N	3	10	30
102	1/1/2016	83157	IC1	3355	LOC1	N	5	10	50
102	1/1/2016	83390	IC1	1075	LOC6	Y	5	10	50
101	1/1/2016	83648	IC1	9274	LOC10	Y	8	10	80
101	1/1/2016	83696	IC1	4289	LOC8	Y	8	10	80
101	1/1/2016	83696	IC1	4289	LOC8	Y	5	10	50
102	1/1/2016	84047	IC1	5429	LOC8	N	3	10	30
101	1/1/2016	84187	IC1	2469	LOC3	N	10	10	100
103	1/1/2016	85210	IC1	9142	LOC8	N	2	10	20
103	1/1/2016	85523	IC1	3145	LOC9	N	3	10	30
103	1/1/2016	85851	IC1	3240	LOC2	Y	8	10	80
103	1/1/2016	85891	IC1	5587	LOC8	N	10	10	100
103	1/1/2016	86322	IC1	1105	LOC3	Y	10	10	100
103	1/1/2016	86322	IC1	1105	LOC3	Y	3	10	30
101	1/1/2016	86799	IC1	9692	LOC7	N	5	10	50
101	1/1/2016	86809	IC1	1484	LOC7	N	9	10	90
101	1/1/2016	86862	IC1	1586	LOC2	Y	6	10	60
101	1/1/2016	87206	IC1	2289	LOC1	Y	10	10	100
101	1/1/2016	87227	IC1	9834	LOC1	N	9	10	90
103	1/1/2016	88632	IC1	962	LOC7	N	10	10	100
101	1/1/2016	88976	IC1	4868	LOC7	N	10	10	100
102	1/1/2016	89162	IC1	3712	LOC6	N	6	10	60
103	1/1/2016	89435	IC1	8974	LOC3	N	10	10	100
103	1/1/2016	89435	IC1	8974	LOC3	N	2	10	20
102	1/1/2016	89674	IC1	5767	LOC10	Y	4	10	40
102	1/1/2016	89710	IC1	2480	LOC4	N	1	10	10
102	1/1/2016	89755	IC1	7832	LOC10	N	2	10	20
101	1/1/2016	90174	IC1	2662	LOC7	N	7	10	70
101	1/1/2016	90178	IC1	9042	LOC9	N	2	10	20
101	1/1/2016	90264	IC1	8570	LOC1	N	9	10	90
103	1/1/2016	90531	IC1	3444	LOC7	N	6	10	60
103	1/1/2016	90719	IC1	7512	LOC1	Y	10	10	100
102	1/1/2016	91030	IC1	4503	LOC8	N	9	10	90
102	1/1/2016	91102	IC1	1543	LOC8	N	7	10	70
102	1/1/2016	91304	IC1	304	LOC4	Y	9	10	90
101	1/1/2016	92093	IC1	120	LOC8	N	4	10	40
103	1/1/2016	92968	IC1	7172	LOC6	N	2	10	20
103	1/1/2016	92968	IC1	7172	LOC6	N	1	10	10
103	1/1/2016	92968	IC1	7172	LOC6	N	2	10	20
101	1/1/2016	93325	IC1	6607	LOC2	Y	1	10	10
103	1/1/2016	93474	IC1	1348	LOC10	N	4	10	40
102	1/1/2016	93750	IC1	9675	LOC8	N	9	10	90
103	1/1/2016	93781	IC1	1458	LOC7	Y	3	10	30
101	1/1/2016	94521	IC1	7766	LOC7	Y	8	10	80
103	1/1/2016	94528	IC1	5219	LOC4	Y	6	10	60
103	1/1/2016	95248	IC1	1993	LOC10	N	3	10	30
101	1/1/2016	95370	IC1	5968	LOC3	Y	2	10	20
101	1/1/2016	95575	IC1	2092	LOC5	N	4	10	40
102	1/1/2016	96989	IC1	2284	LOC6	Y	8	10	80
102	1/1/2016	97086	IC1	4171	LOC7	N	9	10	90
102	1/1/2016	97086	IC1	4171	LOC7	N	3	10	30
102	1/1/2016	97397	IC1	5006	LOC1	N	4	10	40
101	1/1/2016	98886	IC1	7725	LOC7	Y	8	10	80
101	1/1/2016	99040	IC1	2590	LOC6	Y	6	10	60
103	1/1/2016	99101	IC1	2194	LOC5	N	6	10	60
103	1/1/2016	99242	IC1	5194	LOC5	Y	9	10	90
103	1/1/2016	99473	IC1	514	LOC5	N	2	10	20
101	1/1/2016	99616	IC1	4593	LOC3	N	1	10	10
101	1/1/2016	99715	IC1	5134	LOC7	Y	2	10	20
103	1/1/2016	100667	IC1	5898	LOC10	N	4	10	40
101	1/1/2016	102520	IC1	3883	LOC1	N	6	10	60
103	1/1/2016	102634	IC1	3393	LOC4	Y	10	10	100
102	1/1/2016	102944	IC1	7433	LOC10	N	7	10	70
103	1/1/2016	103077	IC1	4138	LOC5	N	4	10	40
101	1/1/2016	103256	IC1	5274	LOC6	N	6	10	60
103	1/1/2016	103562	IC1	155	LOC9	Y	4	10	40
101	1/1/2016	103676	IC1	5820	LOC2	Y	6	10	60
101	1/1/2016	104038	IC1	9124	LOC2	N	10	10	100
101	1/1/2016	104102	IC1	6806	LOC9	N	10	10	100
102	1/1/2016	104178	IC1	1380	LOC2	N	4	10	40
102	1/1/2016	104509	IC1	5057	LOC2	N	6	10	60
102	1/1/2016	104768	IC1	397	LOC1	Y	7	10	70
103	1/1/2016	104950	IC1	7417	LOC1	Y	7	10	70
101	1/1/2016	105604	IC1	7574	LOC6	Y	4	10	40
102	1/1/2016	106218	IC1	3698	LOC2	Y	2	10	20
103	1/1/2016	106576	IC1	8314	LOC4	N	5	10	50
102	1/1/2016	107338	IC1	3215	LOC10	N	3	10	30
101	1/1/2016	108466	IC1	9276	LOC10	Y	6	10	60
102	1/1/2016	109722	IC1	9891	LOC8	Y	8	10	80
103	1/1/2016	110031	IC1	6859	LOC6	Y	4	10	40
103	1/1/2016	110089	IC1	9933	LOC2	Y	5	10	50
102	1/1/2016	110237	IC1	4865	LOC5	Y	1	10	10
101	1/1/2016	110630	IC1	316	LOC5	Y	1	10	10
102	1/1/2016	110759	IC1	3102	LOC2	N	2	10	20
102	1/1/2016	111555	IC1	3139	LOC5	Y	8	10	80
103	1/1/2016	111656	IC1	6491	LOC2	N	10	10	100
101	1/1/2016	111826	IC1	4163	LOC4	Y	10	10	100
102	1/1/2016	112319	IC1	8649	LOC1	N	4	10	40
102	1/1/2016	112441	IC1	2332	LOC10	N	1	10	10
101	1/1/2016	113150	IC1	4580	LOC5	N	4	10	40
103	1/1/2016	113513	IC1	5709	LOC6	Y	7	10	70
103	1/1/2016	113513	IC1	5709	LOC6	Y	6	10	60
103	1/1/2016	114304	IC1	7505	LOC1	Y	3	10	30
101	1/1/2016	114708	IC1	5576	LOC1	N	8	10	80
101	1/1/2016	115085	IC1	3909	LOC6	Y	9	10	90
101	1/1/2016	115746	IC1	8844	LOC8	N	7	10	70
103	1/1/2016	115962	IC1	7794	LOC10	Y	1	10	10
101	1/1/2016	116637	IC1	356	LOC2	N	5	10	50
102	1/1/2016	116662	IC1	3871	LOC10	Y	7	10	70
103	1/1/2016	118028	IC1	1131	LOC7	N	6	10	60
101	1/1/2016	119253	IC1	8366	LOC4	N	3	10	30
102	1/1/2016	119766	IC1	6939	LOC10	Y	7	10	70
101	1/1/2016	120541	IC1	558	LOC9	N	6	10	60
101	1/1/2016	121536	IC1	8579	LOC9	Y	5	10	50
102	1/1/2016	122109	IC1	7405	LOC9	Y	2	10	20
103	1/1/2016	122589	IC1	9892	LOC7	Y	3	10	30
101	1/1/2016	122919	IC1	2691	LOC8	Y	8	10	80
101	1/1/2016	123016	IC1	8072	LOC2	N	6	10	60
101	1/1/2016	123174	IC1	6449	LOC6	N	7	10	70
103	1/1/2016	123800	IC1	5243	LOC5	Y	8	10	80
103	1/1/2016	124429	IC1	535	LOC7	N	5	10	50
101	1/1/2016	124447	IC1	3250	LOC9	Y	10	10	100
101	1/1/2016	125076	IC1	9416	LOC5	N	7	10	70
102	1/1/2016	125985	IC1	8133	LOC3	Y	2	10	20
103	1/1/2016	126107	IC1	6975	LOC7	N	6	10	60
102	1/1/2016	126620	IC1	5713	LOC9	Y	10	10	100
103	1/1/2016	127385	IC1	4326	LOC6	Y	7	10	70
101	1/1/2016	129172	IC1	3977	LOC8	Y	6	10	60
102	1/1/2016	129910	IC1	95	LOC8	Y	8	10	80
102	1/1/2016	129910	IC1	95	LOC8	Y	5	10	50
101	1/1/2016	130572	IC1	7150	LOC1	N	2	10	20
101	1/1/2016	130711	IC1	5492	LOC4	Y	8	10	80
102	1/1/2016	130947	IC1	1173	LOC1	Y	3	10	30
102	1/1/2016	130947	IC1	1173	LOC1	Y	10	10	100
102	1/1/2016	131512	IC1	1730	LOC7	N	10	10	100
102	1/1/2016	131638	IC1	6197	LOC2	N	8	10	80
103	1/1/2016	132492	IC1	6089	LOC2	Y	9	10	90
101	1/1/2016	133919	IC1	8304	LOC2	N	3	10	30
101	1/1/2016	134209	IC1	8764	LOC9	N	4	10	40
103	1/1/2016	134373	IC1	3073	LOC5	Y	2	10	20
103	1/1/2016	134373	IC1	3073	LOC5	Y	1	10	10
103	1/1/2016	134634	IC1	5424	LOC7	N	1	10	10
102	1/1/2016	135297	IC1	7743	LOC4	Y	2	10	20
103	1/1/2016	136003	IC1	4343	LOC8	N	4	10	40
101	1/1/2016	136257	IC1	7743	LOC7	N	10	10	100
103	1/1/2016	136365	IC1	2229	LOC3	N	10	10	100
103	1/1/2016	136936	IC1	389	LOC7	Y	8	10	80
102	1/1/2016	137664	IC1	8160	LOC8	Y	9	10	90
102	1/1/2016	137815	IC1	4054	LOC1	N	6	10	60
102	1/1/2016	137815	IC1	4054	LOC1	N	1	10	10
103	1/1/2016	137959	IC1	8098	LOC1	N	5	10	50
103	1/1/2016	138389	IC1	2469	LOC2	Y	8	10	80
103	1/1/2016	138495	IC1	7889	LOC8	Y	3	10	30
103	1/1/2016	138786	IC1	6652	LOC2	Y	7	10	70
101	1/1/2016	139142	IC1	8636	LOC1	N	4	10	40
101	1/1/2016	139142	IC1	8636	LOC1	N	8	10	80
102	1/1/2016	139667	IC1	3373	LOC5	N	4	10	40
101	1/1/2016	139694	IC1	8900	LOC7	Y	2	10	20
101	1/1/2016	139694	IC1	8900	LOC7	Y	2	10	20
103	1/1/2016	139703	IC1	198	LOC9	N	3	10	30
103	1/1/2016	139703	IC1	198	LOC9	N	7	10	70
102	1/1/2016	140307	IC1	1297	LOC2	N	1	10	10
103	1/1/2016	140676	IC1	4747	LOC4	N	9	10	90
101	1/1/2016	140846	IC1	8737	LOC2	N	4	10	40
102	1/1/2016	141883	IC1	3772	LOC1	Y	7	10	70
101	1/1/2016	143188	IC1	9659	LOC7	N	3	10	30
103	1/1/2016	143418	IC1	4378	LOC3	N	2	10	20
103	1/1/2016	143778	IC1	7850	LOC8	Y	3	10	30
102	1/1/2016	144110	IC1	6263	LOC7	Y	1	10	10
103	1/1/2016	144163	IC1	3410	LOC7	N	9	10	90
103	1/1/2016	144503	IC1	5644	LOC7	N	1	10	10
102	1/1/2016	144623	IC1	2937	LOC7	Y	3	10	30
102	1/1/2016	144766	IC1	4295	LOC1	N	3	10	30
103	1/1/2016	145295	IC1	958	LOC4	N	10	10	100
101	1/1/2016	146280	IC1	7576	LOC1	N	3	10	30
103	1/1/2016	146561	IC1	18	LOC1	N	8	10	80
101	1/1/2016	147099	IC1	9179	LOC3	N	6	10	60
101	1/1/2016	148045	IC1	2011	LOC4	Y	2	10	20
101	1/1/2016	148431	IC1	2602	LOC2	N	3	10	30
101	1/1/2016	148907	IC1	9744	LOC4	N	6	10	60
103	1/1/2016	149495	IC1	9174	LOC4	N	1	10	10
101	1/1/2016	150636	IC1	8573	LOC3	Y	7	10	70
102	1/1/2016	152455	IC1	1606	LOC9	Y	10	10	100
102	1/1/2016	152554	IC1	8669	LOC4	N	7	10	70
103	1/1/2016	153307	IC1	5096	LOC9	Y	4	10	40
102	1/1/2016	154059	IC1	5875	LOC1	Y	7	10	70
101	1/1/2016	154288	IC1	3497	LOC10	N	10	10	100
103	1/1/2016	155509	IC1	699	LOC7	N	5	10	50
101	1/1/2016	156226	IC1	2967	LOC9	Y	1	10	10
101	1/1/2016	156414	IC1	1410	LOC5	N	7	10	70
102	1/1/2016	156524	IC1	2831	LOC1	Y	6	10	60
102	1/1/2016	157887	IC1	6698	LOC3	N	10	10	100
102	1/1/2016	157887	IC1	6698	LOC3	N	6	10	60
101	1/1/2016	158202	IC1	7531	LOC4	N	8	10	80
101	1/1/2016	158527	IC1	2174	LOC3	N	1	10	10
101	1/1/2016	158640	IC1	1841	LOC4	Y	3	10	30
101	1/1/2016	158817	IC1	4856	LOC7	N	2	10	20
101	1/1/2016	159052	IC1	7526	LOC10	N	4	10	40
102	1/1/2016	159532	IC1	2933	LOC9	Y	1	10	10
103	1/1/2016	159672	IC1	6072	LOC3	N	1	10	10
101	1/1/2016	160494	IC1	8487	LOC3	Y	6	10	60
101	1/1/2016	160535	IC1	7953	LOC10	Y	2	10	20
103	1/1/2016	161374	IC1	6054	LOC1	N	4	10	40
102	1/1/2016	161430	IC1	9164	LOC6	N	9	10	90
102	1/1/2016	161762	IC1	4592	LOC3	N	4	10	40
103	1/1/2016	162229	IC1	6633	LOC10	Y	1	10	10
102	1/1/2016	162256	IC1	7995	LOC7	N	1	10	10
101	1/1/2016	162302	IC1	4187	LOC6	N	4	10	40
103	1/1/2016	162357	IC1	2449	LOC2	Y	4	10	40
103	1/1/2016	163393	IC1	4731	LOC6	N	7	10	70
101	1/1/2016	163465	IC1	1789	LOC4	N	3	10	30
102	1/1/2016	163956	IC1	8591	LOC2	N	9	10	90
102	1/1/2016	164611	IC1	3711	LOC9	N	8	10	80
101	1/1/2016	164687	IC1	3960	LOC10	Y	3	10	30
101	1/1/2016	164894	IC1	3970	LOC6	N	10	10	100
101	1/1/2016	164940	IC1	5045	LOC1	N	4	10	40
101	1/1/2016	164946	IC1	320	LOC8	Y	4	10	40
103	1/1/2016	165136	IC1	5344	LOC1	Y	10	10	100
102	1/1/2016	165820	IC1	8152	LOC5	Y	8	10	80
102	1/1/2016	165844	IC1	7159	LOC1	N	2	10	20
103	1/1/2016	166052	IC1	9499	LOC8	N	6	10	60
101	1/1/2016	166572	IC1	5181	LOC4	N	5	10	50
102	1/1/2016	166674	IC1	4609	LOC4	Y	6	10	60
103	1/1/2016	166852	IC1	9950	LOC4	N	9	10	90
103	1/1/2016	166900	IC1	5917	LOC2	Y	9	10	90
103	1/1/2016	167219	IC1	8467	LOC2	N	10	10	100
103	1/1/2016	167363	IC1	5100	LOC5	Y	3	10	30
103	1/1/2016	168015	IC1	7432	LOC5	Y	1	10	10
102	1/1/2016	168340	IC1	997	LOC5	Y	7	10	70
101	1/1/2016	169026	IC1	1726	LOC7	Y	1	10	10
101	1/1/2016	169264	IC1	3404	LOC1	Y	2	10	20
101	1/1/2016	169264	IC1	3404	LOC1	Y	5	10	50
102	1/1/2016	169313	IC1	6564	LOC1	N	7	10	70
101	1/1/2016	169952	IC1	5681	LOC7	N	5	10	50
103	1/1/2016	170382	IC1	3266	LOC9	Y	5	10	50
103	1/1/2016	171481	IC1	663	LOC4	N	2	10	20
103	1/1/2016	171840	IC1	654	LOC1	N	8	10	80
103	1/1/2016	172312	IC1	7573	LOC6	Y	5	10	50
103	1/1/2016	172312	IC1	7573	LOC6	Y	2	10	20
103	1/1/2016	172372	IC1	8627	LOC1	N	7	10	70
103	1/1/2016	172805	IC1	4819	LOC6	Y	6	10	60
101	1/1/2016	173374	IC1	1343	LOC6	N	9	10	90
101	1/1/2016	173412	IC1	8636	LOC2	N	8	10	80
103	1/1/2016	174273	IC1	5829	LOC10	Y	3	10	30
101	1/1/2016	174506	IC1	1175	LOC7	N	7	10	70
102	1/1/2016	174645	IC1	6693	LOC10	N	3	10	30
102	1/1/2016	175001	IC1	584	LOC2	N	6	10	60
101	1/1/2016	175617	IC1	1318	LOC8	Y	2	10	20
102	1/1/2016	175655	IC1	9552	LOC6	N	5	10	50
102	1/1/2016	175671	IC1	1157	LOC2	N	4	10	40
101	1/1/2016	175684	IC1	9016	LOC8	N	3	10	30
101	1/1/2016	175978	IC1	6772	LOC5	Y	3	10	30
101	1/1/2016	176156	IC1	4457	LOC8	N	6	10	60
101	1/1/2016	176330	IC1	635	LOC2	N	4	10	40
101	1/1/2016	176870	IC1	6084	LOC9	Y	1	10	10
102	1/1/2016	177393	IC1	5146	LOC9	N	3	10	30
102	1/1/2016	177404	IC1	9665	LOC5	Y	3	10	30
103	1/1/2016	177618	IC1	8470	LOC1	Y	10	10	100
101	1/1/2016	178924	IC1	5906	LOC7	N	8	10	80
101	1/1/2016	179511	IC1	8118	LOC5	Y	7	10	70
101	1/1/2016	179979	IC1	202	LOC3	Y	2	10	20
101	1/1/2016	181107	IC1	6707	LOC8	Y	9	10	90
103	1/1/2016	181415	IC1	1549	LOC9	Y	6	10	60
103	1/1/2016	181591	IC1	211	LOC9	Y	4	10	40
103	1/1/2016	181613	IC1	3118	LOC1	N	9	10	90
101	1/1/2016	183121	IC1	3289	LOC4	Y	10	10	100
101	1/1/2016	183129	IC1	9219	LOC3	Y	3	10	30
102	1/1/2016	183201	IC1	109	LOC3	Y	7	10	70
102	1/1/2016	183590	IC1	9314	LOC10	Y	10	10	100
103	1/1/2016	184470	IC1	517	LOC5	Y	6	10	60
102	1/1/2016	184919	IC1	8204	LOC7	N	3	10	30
101	1/1/2016	185202	IC1	2389	LOC10	N	1	10	10
103	1/1/2016	185948	IC1	195	LOC4	Y	7	10	70
102	1/1/2016	186819	IC1	6349	LOC4	Y	10	10	100
102	1/1/2016	186819	IC1	6349	LOC4	Y	9	10	90
102	1/1/2016	186894	IC1	8022	LOC10	Y	1	10	10
103	1/1/2016	187018	IC1	4608	LOC7	Y	8	10	80
102	1/1/2016	187487	IC1	1818	LOC1	Y	3	10	30
103	1/1/2016	188120	IC1	6251	LOC10	Y	2	10	20
101	1/1/2016	188355	IC1	9869	LOC7	N	9	10	90
101	1/1/2016	188355	IC1	9869	LOC7	N	5	10	50
101	1/1/2016	188355	IC1	9869	LOC7	N	9	10	90
101	1/1/2016	189494	IC1	6914	LOC6	Y	9	10	90
102	1/1/2016	189584	IC1	6134	LOC10	N	5	10	50
102	1/1/2016	190726	IC1	778	LOC3	Y	4	10	40
101	1/1/2016	190869	IC1	6628	LOC9	N	2	10	20
102	1/1/2016	191332	IC1	8198	LOC1	N	9	10	90
103	1/1/2016	192354	IC1	8083	LOC7	Y	1	10	10
102	1/1/2016	192473	IC1	7869	LOC8	Y	6	10	60
101	1/1/2016	192918	IC1	7858	LOC2	Y	8	10	80
102	1/1/2016	192929	IC1	8687	LOC1	N	2	10	20
101	1/1/2016	193408	IC1	3905	LOC2	N	6	10	60
103	1/1/2016	193849	IC1	4485	LOC2	N	2	10	20
103	1/1/2016	193952	IC1	2429	LOC1	N	3	10	30
103	1/1/2016	195764	IC1	1586	LOC1	N	6	10	60
101	1/1/2016	196194	IC1	8770	LOC10	N	7	10	70
103	1/1/2016	196900	IC1	8395	LOC2	N	3	10	30
102	1/1/2016	197074	IC1	201	LOC7	N	2	10	20
102	1/1/2016	197632	IC1	7187	LOC4	Y	5	10	50
102	1/1/2016	197946	IC1	3375	LOC5	Y	7	10	70
102	1/1/2016	198762	IC1	6326	LOC10	Y	8	10	80
101	1/1/2016	198842	IC1	7275	LOC9	Y	4	10	40
101	1/1/2016	199266	IC1	4884	LOC9	N	4	10	40
101	1/1/2016	199290	IC1	1486	LOC9	Y	8	10	80
102	1/1/2016	200147	IC1	5509	LOC8	Y	8	10	80
102	1/1/2016	201109	IC1	4428	LOC2	Y	3	10	30
103	1/1/2016	201382	IC1	493	LOC8	Y	10	10	100
101	1/1/2016	202249	IC1	5304	LOC6	Y	3	10	30
102	1/1/2016	202779	IC1	3801	LOC7	Y	6	10	60
103	1/1/2016	203523	IC1	1840	LOC3	N	3	10	30
103	1/1/2016	204140	IC1	1249	LOC4	Y	5	10	50
101	1/1/2016	204305	IC1	181	LOC10	Y	1	10	10
101	1/1/2016	204531	IC1	4514	LOC7	Y	7	10	70
102	1/1/2016	205353	IC1	9691	LOC7	N	9	10	90
103	1/1/2016	205425	IC1	7889	LOC7	N	8	10	80
103	1/1/2016	205425	IC1	7889	LOC7	N	8	10	80
102	1/1/2016	205938	IC1	5902	LOC5	Y	5	10	50
103	1/1/2016	206014	IC1	7928	LOC5	Y	1	10	10
101	1/1/2016	206231	IC1	7936	LOC7	Y	1	10	10
102	1/1/2016	206503	IC1	4979	LOC7	N	2	10	20
101	1/1/2016	206727	IC1	3466	LOC2	Y	7	10	70
101	1/1/2016	207036	IC1	1596	LOC3	N	10	10	100
103	1/1/2016	207041	IC1	5861	LOC6	N	2	10	20
101	1/1/2016	207484	IC1	6195	LOC1	Y	10	10	100
101	1/1/2016	207759	IC1	5792	LOC5	Y	2	10	20
102	1/1/2016	209014	IC1	7458	LOC2	N	6	10	60
103	1/1/2016	209150	IC1	6260	LOC9	Y	9	10	90
102	1/1/2016	209247	IC1	4801	LOC10	Y	8	10	80
101	1/1/2016	209578	IC1	9846	LOC8	N	4	10	40
101	1/1/2016	209578	IC1	9846	LOC8	N	9	10	90
102	1/1/2016	210059	IC1	8211	LOC10	N	1	10	10
103	1/1/2016	210114	IC1	4426	LOC4	Y	7	10	70
102	1/1/2016	210204	IC1	2095	LOC9	N	3	10	30
102	1/1/2016	210444	IC1	827	LOC5	N	8	10	80
103	1/1/2016	210510	IC1	712	LOC1	Y	10	10	100
103	1/1/2016	210669	IC1	615	LOC10	Y	4	10	40
103	1/1/2016	211531	IC1	3293	LOC3	Y	8	10	80
103	1/1/2016	211790	IC1	6724	LOC6	N	10	10	100
102	1/1/2016	211941	IC1	6266	LOC10	Y	5	10	50
103	1/1/2016	212936	IC1	6741	LOC9	N	1	10	10
103	1/1/2016	212980	IC1	4297	LOC3	N	7	10	70
103	1/1/2016	213085	IC1	5189	LOC4	N	6	10	60
102	1/1/2016	213210	IC1	6712	LOC4	Y	2	10	20
103	1/1/2016	213222	IC1	9043	LOC9	N	1	10	10
103	1/1/2016	213419	IC1	6736	LOC4	N	3	10	30
101	1/1/2016	213424	IC1	4652	LOC6	Y	7	10	70
103	1/1/2016	213820	IC1	7209	LOC4	Y	6	10	60
102	1/1/2016	214066	IC1	5155	LOC1	N	4	10	40
103	1/1/2016	214761	IC1	289	LOC5	Y	4	10	40
102	1/1/2016	216031	IC1	7676	LOC7	Y	4	10	40
101	1/1/2016	216160	IC1	593	LOC9	N	5	10	50
101	1/1/2016	216648	IC1	5902	LOC6	N	4	10	40
103	1/1/2016	217482	IC1	1434	LOC10	N	5	10	50
102	1/1/2016	217998	IC1	2046	LOC10	Y	10	10	100
102	1/1/2016	218864	IC1	1067	LOC10	Y	9	10	90
101	1/1/2016	219133	IC1	5159	LOC8	N	9	10	90
101	1/1/2016	220349	IC1	3532	LOC7	N	4	10	40
102	1/1/2016	220409	IC1	9368	LOC3	N	9	10	90
103	1/1/2016	220605	IC1	2823	LOC3	N	3	10	30
102	1/1/2016	222210	IC1	6763	LOC7	N	7	10	70
102	1/1/2016	223254	IC1	3999	LOC4	N	7	10	70
102	1/1/2016	224679	IC1	7650	LOC6	Y	6	10	60
101	1/1/2016	224884	IC1	4247	LOC8	N	9	10	90
102	1/1/2016	225610	IC1	6062	LOC7	Y	8	10	80
101	1/1/2016	225881	IC1	2130	LOC1	Y	3	10	30
103	1/1/2016	226046	IC1	4256	LOC8	N	9	10	90
103	1/1/2016	226184	IC1	1852	LOC5	Y	5	10	50
103	1/1/2016	226230	IC1	9568	LOC2	N	5	10	50
103	1/1/2016	226230	IC1	9568	LOC2	N	4	10	40
101	1/1/2016	226499	IC1	8848	LOC8	Y	2	10	20
103	1/1/2016	226864	IC1	2063	LOC4	N	10	10	100
103	1/1/2016	227664	IC1	612	LOC7	Y	3	10	30
103	1/1/2016	228349	IC1	901	LOC7	N	1	10	10
101	1/1/2016	228862	IC1	9007	LOC3	N	3	10	30
103	1/1/2016	229013	IC1	1427	LOC10	Y	5	10	50
103	1/1/2016	229140	IC1	7354	LOC3	Y	5	10	50
103	1/1/2016	229393	IC1	9518	LOC2	N	10	10	100
103	1/1/2016	229412	IC1	5983	LOC1	N	5	10	50
101	1/1/2016	229433	IC1	691	LOC1	Y	5	10	50
102	1/1/2016	229547	IC1	588	LOC4	Y	10	10	100
103	1/1/2016	229882	IC1	9136	LOC9	Y	5	10	50
103	1/1/2016	230038	IC1	897	LOC7	N	4	10	40
102	1/1/2016	230827	IC1	4264	LOC5	Y	4	10	40
102	1/1/2016	230890	IC1	1149	LOC9	Y	4	10	40
101	1/1/2016	231005	IC1	6017	LOC10	Y	4	10	40
102	1/1/2016	232357	IC1	7239	LOC8	Y	5	10	50
102	1/1/2016	232715	IC1	367	LOC3	N	3	10	30
103	1/1/2016	232926	IC1	2373	LOC4	N	5	10	50
103	1/1/2016	232926	IC1	2373	LOC4	N	2	10	20
101	1/1/2016	232959	IC1	3063	LOC1	N	6	10	60
102	1/1/2016	234388	IC1	5133	LOC6	N	8	10	80
102	1/1/2016	234388	IC1	5133	LOC6	N	1	10	10
102	1/1/2016	234435	IC1	7512	LOC3	Y	9	10	90
101	1/1/2016	234866	IC1	3617	LOC10	Y	6	10	60
101	1/1/2016	235027	IC1	4657	LOC1	N	6	10	60
101	1/1/2016	235027	IC1	4657	LOC1	N	3	10	30
102	1/1/2016	236194	IC1	7448	LOC4	Y	3	10	30
101	1/1/2016	236196	IC1	7074	LOC8	Y	4	10	40
103	1/1/2016	237457	IC1	3705	LOC6	N	5	10	50
103	1/1/2016	237457	IC1	3705	LOC6	N	8	10	80
103	1/1/2016	237821	IC1	56	LOC8	Y	3	10	30
101	1/1/2016	238650	IC1	7408	LOC7	N	1	10	10
103	1/1/2016	238697	IC1	4031	LOC8	Y	5	10	50
101	1/1/2016	238815	IC1	5581	LOC10	N	3	10	30
102	1/1/2016	238985	IC1	6812	LOC8	N	1	10	10
101	1/1/2016	240201	IC1	9822	LOC1	Y	10	10	100
103	1/1/2016	240673	IC1	9100	LOC6	N	9	10	90
101	1/1/2016	240760	IC1	2372	LOC8	Y	5	10	50
101	1/1/2016	240765	IC1	2245	LOC4	N	10	10	100
101	1/1/2016	240765	IC1	2245	LOC4	N	10	10	100
101	1/1/2016	241195	IC1	3270	LOC9	N	2	10	20
102	1/1/2016	241381	IC1	920	LOC3	N	8	10	80
103	1/1/2016	241416	IC1	6437	LOC2	N	10	10	100
101	1/1/2016	242154	IC1	5657	LOC8	N	4	10	40
102	1/1/2016	242673	IC1	2584	LOC2	Y	9	10	90
103	1/1/2016	243160	IC1	7932	LOC6	Y	10	10	100
102	1/1/2016	244418	IC1	5259	LOC10	Y	4	10	40
103	1/1/2016	244628	IC1	2906	LOC2	N	2	10	20
103	1/1/2016	245312	IC1	5037	LOC8	Y	9	10	90
103	1/1/2016	245552	IC1	2982	LOC8	Y	1	10	10
101	1/1/2016	245766	IC1	9713	LOC2	N	5	10	50
103	1/1/2016	246082	IC1	4851	LOC3	Y	1	10	10
102	1/1/2016	247078	IC1	6178	LOC6	Y	6	10	60
101	1/1/2016	247139	IC1	4549	LOC9	N	3	10	30
103	1/1/2016	247179	IC1	7830	LOC4	N	5	10	50
103	1/1/2016	247519	IC1	7316	LOC5	N	5	10	50
103	1/1/2016	247519	IC1	7316	LOC5	N	7	10	70
103	1/1/2016	247542	IC1	6890	LOC9	N	8	10	80
102	1/1/2016	248726	IC1	3931	LOC5	Y	7	10	70
102	1/1/2016	248726	IC1	3931	LOC5	Y	3	10	30
103	1/1/2016	248934	IC1	8814	LOC9	N	1	10	10
103	1/1/2016	250192	IC1	7919	LOC8	N	8	10	80
103	1/1/2016	250381	IC1	445	LOC6	Y	4	10	40
101	1/1/2016	250877	IC1	3022	LOC2	Y	1	10	10
102	1/1/2016	251161	IC1	3976	LOC1	N	7	10	70
101	1/1/2016	251600	IC1	5629	LOC2	N	5	10	50
102	1/1/2016	251623	IC1	7223	LOC2	Y	7	10	70
102	1/1/2016	252715	IC1	777	LOC9	Y	2	10	20
102	1/1/2016	252934	IC1	8572	LOC2	Y	6	10	60
103	1/1/2016	253630	IC1	1196	LOC2	N	9	10	90
103	1/1/2016	253630	IC1	1196	LOC2	N	10	10	100
101	1/1/2016	253984	IC1	7893	LOC8	N	7	10	70
103	1/1/2016	254866	IC1	6764	LOC5	Y	4	10	40
103	1/1/2016	254866	IC1	6764	LOC5	Y	9	10	90
102	1/1/2016	255398	IC1	4128	LOC9	Y	8	10	80
102	1/1/2016	255972	IC1	3010	LOC10	Y	5	10	50
103	1/1/2016	255990	IC1	3338	LOC7	Y	2	10	20
103	1/1/2016	256544	IC1	9288	LOC4	Y	3	10	30
101	1/1/2016	257913	IC1	4124	LOC5	Y	1	10	10
103	1/1/2016	258127	IC1	6795	LOC10	N	7	10	70
101	1/1/2016	258248	IC1	7655	LOC10	N	5	10	50
102	1/1/2016	258811	IC1	2926	LOC3	N	9	10	90
101	1/1/2016	258813	IC1	3920	LOC1	Y	5	10	50
103	1/1/2016	258900	IC1	1460	LOC4	Y	10	10	100
103	1/1/2016	258916	IC1	9379	LOC8	Y	1	10	10
101	1/1/2016	259024	IC1	9420	LOC7	N	2	10	20
101	1/1/2016	259253	IC1	2059	LOC10	Y	2	10	20
102	1/1/2016	259496	IC1	3114	LOC8	Y	2	10	20
102	1/1/2016	259924	IC1	4495	LOC7	Y	8	10	80
102	1/1/2016	260150	IC1	4888	LOC3	N	5	10	50
102	1/1/2016	260283	IC1	1085	LOC2	Y	2	10	20
101	1/1/2016	260571	IC1	7926	LOC6	Y	9	10	90
101	1/1/2016	260571	IC1	7926	LOC6	Y	7	10	70
101	1/1/2016	260908	IC1	7921	LOC5	N	9	10	90
103	1/1/2016	261345	IC1	4922	LOC1	Y	9	10	90
103	1/1/2016	261515	IC1	9196	LOC10	Y	5	10	50
103	1/1/2016	261636	IC1	4828	LOC4	N	4	10	40
102	1/1/2016	262059	IC1	8566	LOC10	N	10	10	100
102	1/1/2016	262922	IC1	5527	LOC3	N	4	10	40
102	1/1/2016	263132	IC1	910	LOC8	N	2	10	20
103	1/1/2016	264244	IC1	4490	LOC10	Y	7	10	70
101	1/1/2016	264405	IC1	5552	LOC1	Y	5	10	50
101	1/1/2016	264505	IC1	7613	LOC3	Y	8	10	80
103	1/1/2016	264676	IC1	5392	LOC2	N	5	10	50
101	1/1/2016	264878	IC1	9881	LOC9	N	9	10	90
101	1/1/2016	264878	IC1	9881	LOC9	N	2	10	20
103	1/1/2016	265064	IC1	122	LOC3	Y	4	10	40
103	1/1/2016	266065	IC1	2573	LOC4	N	10	10	100
102	1/1/2016	266637	IC1	2048	LOC5	N	9	10	90
102	1/1/2016	266637	IC1	2048	LOC5	N	10	10	100
103	1/1/2016	267881	IC1	7045	LOC5	Y	1	10	10
103	1/1/2016	268091	IC1	714	LOC6	N	1	10	10
103	1/1/2016	268200	IC1	4832	LOC4	N	4	10	40
101	1/1/2016	268215	IC1	4027	LOC6	Y	8	10	80
103	1/1/2016	269360	IC1	6691	LOC3	Y	8	10	80
103	1/1/2016	269360	IC1	6691	LOC3	Y	4	10	40
103	1/1/2016	269824	IC1	3566	LOC8	N	3	10	30
101	1/1/2016	270801	IC1	1952	LOC7	N	4	10	40
103	1/1/2016	270835	IC1	4568	LOC10	Y	3	10	30
102	1/1/2016	271261	IC1	6523	LOC5	Y	5	10	50
101	1/1/2016	272254	IC1	5114	LOC5	N	8	10	80
101	1/1/2016	272289	IC1	5613	LOC4	Y	3	10	30
102	1/1/2016	272335	IC1	8650	LOC7	Y	4	10	40
101	1/1/2016	272364	IC1	7912	LOC9	Y	7	10	70
102	1/1/2016	272604	IC1	8070	LOC4	N	3	10	30
101	1/1/2016	272846	IC1	6280	LOC1	N	6	10	60
103	1/1/2016	273128	IC1	8599	LOC9	Y	8	10	80
102	1/1/2016	273243	IC1	8514	LOC5	N	4	10	40
102	1/1/2016	273538	IC1	4483	LOC9	N	1	10	10
102	1/1/2016	274266	IC1	194	LOC6	Y	3	10	30
101	1/1/2016	274678	IC1	2683	LOC5	N	7	10	70
101	1/1/2016	275191	IC1	4717	LOC3	Y	9	10	90
101	1/1/2016	275865	IC1	1083	LOC4	Y	3	10	30
101	1/1/2016	276636	IC1	8186	LOC6	N	4	10	40
102	1/1/2016	277626	IC1	6712	LOC3	N	1	10	10
103	1/1/2016	277765	IC1	6188	LOC4	Y	4	10	40
102	1/1/2016	278258	IC1	6691	LOC9	N	2	10	20
103	1/1/2016	278916	IC1	5084	LOC3	Y	6	10	60
103	1/1/2016	278916	IC1	5084	LOC3	Y	5	10	50
101	1/1/2016	279763	IC1	7871	LOC4	Y	8	10	80
101	1/1/2016	280520	IC1	1403	LOC2	Y	1	10	10
101	1/1/2016	280767	IC1	4317	LOC9	N	7	10	70
102	1/1/2016	281002	IC1	8749	LOC1	N	6	10	60
103	1/1/2016	281255	IC1	9266	LOC8	N	3	10	30
103	1/1/2016	281255	IC1	9266	LOC8	N	4	10	40
103	1/1/2016	281524	IC1	3662	LOC4	Y	1	10	10
102	1/1/2016	281547	IC1	6816	LOC2	N	9	10	90
101	1/1/2016	282052	IC1	5985	LOC7	N	3	10	30
102	1/1/2016	282376	IC1	7119	LOC4	N	1	10	10
101	1/1/2016	282648	IC1	6516	LOC9	Y	9	10	90
102	1/1/2016	283061	IC1	2672	LOC4	Y	2	10	20
102	1/1/2016	283061	IC1	2672	LOC4	Y	7	10	70
101	1/1/2016	283507	IC1	6079	LOC7	Y	8	10	80
101	1/1/2016	284170	IC1	7791	LOC8	N	7	10	70
103	1/1/2016	284258	IC1	8265	LOC2	N	3	10	30
101	1/1/2016	284751	IC1	7179	LOC5	Y	10	10	100
103	1/1/2016	284797	IC1	6068	LOC1	Y	9	10	90
103	1/1/2016	284797	IC1	6068	LOC1	Y	5	10	50
101	1/1/2016	284883	IC1	1047	LOC1	Y	1	10	10
101	1/1/2016	284907	IC1	3442	LOC10	N	6	10	60
102	1/1/2016	285681	IC1	8255	LOC8	N	7	10	70
102	1/1/2016	286294	IC1	3191	LOC2	N	2	10	20
103	1/1/2016	286444	IC1	5051	LOC5	N	7	10	70
102	1/1/2016	286589	IC1	6254	LOC2	N	2	10	20
102	1/1/2016	286994	IC1	3834	LOC9	Y	3	10	30
101	1/1/2016	287036	IC1	4321	LOC1	Y	2	10	20
102	1/1/2016	287693	IC1	1422	LOC4	Y	7	10	70
101	1/1/2016	287949	IC1	9550	LOC7	N	4	10	40
102	1/1/2016	288023	IC1	4079	LOC4	Y	4	10	40
103	1/1/2016	288340	IC1	2019	LOC2	N	1	10	10
102	1/1/2016	288346	IC1	4315	LOC5	N	6	10	60
102	1/1/2016	288384	IC1	3119	LOC3	Y	5	10	50
101	1/1/2016	288459	IC1	6123	LOC2	N	4	10	40
102	1/1/2016	289361	IC1	9621	LOC3	Y	3	10	30
103	1/1/2016	289505	IC1	4461	LOC4	Y	8	10	80
103	1/1/2016	289612	IC1	6830	LOC2	N	6	10	60
103	1/1/2016	289612	IC1	6830	LOC2	N	2	10	20
103	1/1/2016	289612	IC1	6830	LOC2	N	3	10	30
103	1/1/2016	290191	IC1	8855	LOC5	Y	5	10	50
103	1/1/2016	291613	IC1	6172	LOC1	Y	9	10	90
103	1/1/2016	292157	IC1	9379	LOC10	Y	6	10	60
102	1/1/2016	292560	IC1	3307	LOC7	Y	6	10	60
101	1/1/2016	292738	IC1	3242	LOC4	Y	4	10	40
101	1/1/2016	293848	IC1	2452	LOC3	Y	3	10	30
101	1/1/2016	294168	IC1	1342	LOC2	N	1	10	10
101	1/1/2016	294628	IC1	7189	LOC6	Y	10	10	100
102	1/1/2016	294655	IC1	5452	LOC9	N	1	10	10
103	1/1/2016	294713	IC1	413	LOC8	Y	4	10	40
102	1/1/2016	294863	IC1	8897	LOC1	Y	6	10	60
102	1/1/2016	295320	IC1	6953	LOC1	N	4	10	40
103	1/1/2016	296444	IC1	6154	LOC4	N	1	10	10
101	1/1/2016	297027	IC1	8524	LOC10	Y	4	10	40
101	1/1/2016	297036	IC1	1725	LOC8	N	2	10	20
101	1/1/2016	297047	IC1	2726	LOC9	Y	3	10	30
102	1/1/2016	298261	IC1	5600	LOC1	Y	1	10	10
101	1/1/2016	299442	IC1	4349	LOC5	Y	3	10	30
102	1/1/2016	300468	IC1	5897	LOC1	N	9	10	90
101	1/1/2016	300594	IC1	8958	LOC6	Y	9	10	90
102	1/1/2016	300995	IC1	3901	LOC8	Y	5	10	50
102	1/1/2016	301029	IC1	7210	LOC1	N	5	10	50
101	1/1/2016	301296	IC1	4682	LOC10	Y	8	10	80
101	1/1/2016	301579	IC1	9425	LOC10	Y	8	10	80
102	1/1/2016	301660	IC1	2530	LOC4	N	9	10	90
103	1/1/2016	301754	IC1	7265	LOC3	N	8	10	80
103	1/1/2016	301779	IC1	2978	LOC8	N	4	10	40
101	1/1/2016	302813	IC1	4185	LOC8	Y	8	10	80
102	1/1/2016	302848	IC1	892	LOC8	N	9	10	90
101	1/1/2016	303385	IC1	700	LOC4	N	10	10	100
101	1/1/2016	303888	IC1	3484	LOC10	Y	7	10	70
102	1/1/2016	303919	IC1	5179	LOC8	Y	7	10	70
101	1/1/2016	304467	IC1	7818	LOC5	Y	6	10	60
101	1/1/2016	304721	IC1	3104	LOC4	Y	1	10	10
102	1/1/2016	304764	IC1	4810	LOC7	N	3	10	30
103	1/1/2016	304985	IC1	4630	LOC4	Y	7	10	70
103	1/1/2016	304985	IC1	4630	LOC4	Y	3	10	30
102	1/1/2016	305880	IC1	792	LOC1	N	8	10	80
102	1/1/2016	306087	IC1	4748	LOC9	N	1	10	10
101	1/1/2016	307635	IC1	3898	LOC7	N	1	10	10
103	1/1/2016	307639	IC1	69	LOC10	N	9	10	90
103	1/1/2016	308234	IC1	2471	LOC7	N	3	10	30
103	1/1/2016	308570	IC1	5432	LOC4	N	7	10	70
103	1/1/2016	308935	IC1	4855	LOC1	N	8	10	80
103	1/1/2016	308984	IC1	4459	LOC1	N	3	10	30
102	1/1/2016	309918	IC1	2215	LOC3	N	4	10	40
102	1/1/2016	310092	IC1	6548	LOC6	Y	8	10	80
102	1/1/2016	310114	IC1	9216	LOC3	Y	1	10	10
103	1/1/2016	310132	IC1	1576	LOC3	Y	4	10	40
102	1/1/2016	311359	IC1	2124	LOC10	N	2	10	20
103	1/1/2016	311800	IC1	369	LOC10	Y	5	10	50
102	1/1/2016	312819	IC1	3983	LOC10	Y	5	10	50
101	1/1/2016	313208	IC1	4813	LOC1	N	4	10	40
101	1/1/2016	313208	IC1	4813	LOC1	N	5	10	50
101	1/1/2016	313486	IC1	3119	LOC4	N	1	10	10
102	1/1/2016	313790	IC1	884	LOC7	N	4	10	40
103	1/1/2016	314392	IC1	2038	LOC1	N	1	10	10
103	1/1/2016	314392	IC1	2038	LOC1	N	6	10	60
101	1/1/2016	314417	IC1	8075	LOC3	N	2	10	20
103	1/1/2016	314974	IC1	3586	LOC1	Y	4	10	40
101	1/1/2016	315539	IC1	1033	LOC9	Y	10	10	100
101	1/1/2016	315688	IC1	9592	LOC9	Y	1	10	10
102	1/1/2016	315779	IC1	478	LOC4	Y	3	10	30
102	1/1/2016	317117	IC1	5810	LOC6	N	2	10	20
101	1/1/2016	317839	IC1	4711	LOC9	Y	3	10	30
103	1/1/2016	317880	IC1	6604	LOC6	N	3	10	30
101	1/1/2016	317905	IC1	4586	LOC3	N	10	10	100
103	1/1/2016	317954	IC1	9427	LOC4	Y	6	10	60
102	1/1/2016	318103	IC1	8120	LOC4	N	5	10	50
103	1/1/2016	318419	IC1	5652	LOC1	N	2	10	20
101	1/1/2016	318617	IC1	7723	LOC9	Y	7	10	70
102	1/1/2016	318870	IC1	4311	LOC7	Y	6	10	60
103	1/1/2016	319321	IC1	1367	LOC9	N	9	10	90
101	1/1/2016	320393	IC1	9150	LOC7	N	7	10	70
102	1/1/2016	321022	IC1	1911	LOC3	N	6	10	60
103	1/1/2016	321680	IC1	405	LOC5	Y	3	10	30
101	1/1/2016	321805	IC1	1963	LOC5	N	3	10	30
102	1/1/2016	322195	IC1	184	LOC6	N	3	10	30
101	1/1/2016	323244	IC1	5361	LOC6	N	6	10	60
102	1/1/2016	323468	IC1	1679	LOC7	Y	6	10	60
102	1/1/2016	323545	IC1	9241	LOC5	Y	6	10	60
103	1/1/2016	323732	IC1	4798	LOC10	Y	2	10	20
102	1/1/2016	323976	IC1	6316	LOC9	Y	10	10	100
101	1/1/2016	324958	IC1	737	LOC1	Y	5	10	50
101	1/1/2016	325421	IC1	3151	LOC2	Y	6	10	60
101	1/1/2016	325486	IC1	3747	LOC9	N	3	10	30
102	1/1/2016	325562	IC1	5260	LOC6	N	6	10	60
102	1/1/2016	325562	IC1	5260	LOC6	N	10	10	100
102	1/1/2016	325562	IC1	5260	LOC6	N	3	10	30
101	1/1/2016	327114	IC1	292	LOC8	N	4	10	40
103	1/1/2016	327273	IC1	5378	LOC6	Y	1	10	10
103	1/1/2016	327317	IC1	3491	LOC9	N	6	10	60
102	1/1/2016	327413	IC1	5751	LOC8	Y	7	10	70
102	1/1/2016	328146	IC1	6652	LOC3	N	1	10	10
103	1/1/2016	328368	IC1	4648	LOC6	N	9	10	90
103	1/1/2016	328368	IC1	4648	LOC6	N	3	10	30
101	1/1/2016	328751	IC1	1234	LOC3	N	10	10	100
101	1/1/2016	328768	IC1	2966	LOC6	N	9	10	90
101	1/1/2016	329142	IC1	8735	LOC8	N	7	10	70
101	1/1/2016	330033	IC1	29	LOC2	Y	2	10	20
101	1/1/2016	330314	IC1	1105	LOC6	Y	8	10	80
103	1/1/2016	331023	IC1	775	LOC7	N	6	10	60
103	1/1/2016	331241	IC1	1962	LOC1	Y	8	10	80
102	1/1/2016	331840	IC1	8994	LOC10	Y	7	10	70
101	1/1/2016	332472	IC1	3510	LOC6	Y	3	10	30
101	1/1/2016	332670	IC1	906	LOC9	N	5	10	50
102	1/1/2016	332811	IC1	1908	LOC6	Y	4	10	40
102	1/1/2016	332897	IC1	4209	LOC1	N	2	10	20
103	1/1/2016	333108	IC1	9441	LOC3	Y	9	10	90
103	1/1/2016	333155	IC1	5416	LOC10	N	7	10	70
103	1/1/2016	333830	IC1	2288	LOC7	N	5	10	50
103	1/1/2016	333830	IC1	2288	LOC7	N	3	10	30
102	1/1/2016	333927	IC1	3767	LOC1	N	6	10	60
102	1/1/2016	334001	IC1	9401	LOC4	N	3	10	30
101	1/1/2016	334617	IC1	1843	LOC6	N	1	10	10
102	1/1/2016	334883	IC1	805	LOC7	N	1	10	10
101	1/1/2016	335523	IC1	2216	LOC9	N	7	10	70
102	1/1/2016	335762	IC1	7975	LOC7	Y	9	10	90
101	1/1/2016	336621	IC1	5728	LOC3	N	9	10	90
103	1/1/2016	336907	IC1	2722	LOC6	Y	9	10	90
101	1/1/2016	337312	IC1	7281	LOC6	N	8	10	80
101	1/1/2016	338007	IC1	3315	LOC4	N	5	10	50
101	1/1/2016	338513	IC1	4484	LOC5	Y	8	10	80
101	1/1/2016	339001	IC1	2583	LOC7	Y	8	10	80
103	1/1/2016	339033	IC1	5159	LOC2	Y	8	10	80
103	1/1/2016	339845	IC1	4091	LOC7	N	3	10	30
101	1/1/2016	340091	IC1	3853	LOC7	Y	6	10	60
101	1/1/2016	340151	IC1	4568	LOC10	N	6	10	60
101	1/1/2016	340162	IC1	1872	LOC10	Y	5	10	50
103	1/1/2016	340467	IC1	6998	LOC2	Y	6	10	60
103	1/1/2016	341041	IC1	6952	LOC10	N	10	10	100
103	1/1/2016	341495	IC1	6020	LOC3	Y	8	10	80
102	1/1/2016	342003	IC1	7828	LOC8	N	6	10	60
102	1/1/2016	342099	IC1	2993	LOC6	N	7	10	70
101	1/1/2016	342530	IC1	3075	LOC1	N	7	10	70
101	1/1/2016	342768	IC1	68	LOC1	N	8	10	80
103	1/1/2016	343225	IC1	3777	LOC8	Y	5	10	50
103	1/1/2016	343455	IC1	9929	LOC8	N	2	10	20
103	1/1/2016	343713	IC1	2390	LOC5	Y	7	10	70
101	1/1/2016	344391	IC1	4514	LOC10	Y	7	10	70
102	1/1/2016	344427	IC1	8042	LOC10	Y	9	10	90
102	1/1/2016	345010	IC1	5377	LOC7	N	4	10	40
103	1/1/2016	345439	IC1	9561	LOC1	Y	6	10	60
103	1/1/2016	348934	IC1	9040	LOC5	N	2	10	20
102	1/1/2016	349326	IC1	9676	LOC1	Y	5	10	50
102	1/1/2016	350740	IC1	3088	LOC1	Y	5	10	50
102	1/1/2016	350950	IC1	8714	LOC3	N	6	10	60
101	1/1/2016	351046	IC1	7753	LOC1	Y	3	10	30
101	1/1/2016	351152	IC1	5178	LOC7	Y	3	10	30
102	1/1/2016	351262	IC1	8666	LOC9	Y	7	10	70
103	1/1/2016	351931	IC1	4306	LOC8	N	6	10	60
102	1/1/2016	352256	IC1	6019	LOC1	Y	5	10	50
101	1/1/2016	352533	IC1	7825	LOC1	N	10	10	100
103	1/1/2016	352907	IC1	324	LOC4	N	4	10	40
102	1/1/2016	353008	IC1	6265	LOC7	N	8	10	80
101	1/1/2016	353399	IC1	9950	LOC8	N	9	10	90
103	1/1/2016	353606	IC1	5433	LOC7	N	6	10	60
103	1/1/2016	354102	IC1	1941	LOC2	Y	3	10	30
101	1/1/2016	354344	IC1	8446	LOC4	Y	8	10	80
103	1/1/2016	354941	IC1	9975	LOC4	N	2	10	20
101	1/1/2016	355357	IC1	4667	LOC9	N	1	10	10
101	1/1/2016	355589	IC1	9119	LOC3	Y	6	10	60
101	1/1/2016	355670	IC1	7754	LOC1	Y	7	10	70
101	1/1/2016	356279	IC1	9305	LOC8	N	10	10	100
103	1/1/2016	356458	IC1	6973	LOC6	Y	3	10	30
102	1/1/2016	357106	IC1	3689	LOC3	N	1	10	10
103	1/1/2016	357177	IC1	8374	LOC10	Y	8	10	80
102	1/1/2016	357434	IC1	800	LOC9	N	2	10	20
103	1/1/2016	357908	IC1	9784	LOC7	Y	3	10	30
102	1/1/2016	358129	IC1	4902	LOC3	Y	7	10	70
101	1/1/2016	358382	IC1	5309	LOC3	Y	4	10	40
103	1/1/2016	358780	IC1	5541	LOC9	N	8	10	80
103	1/1/2016	360307	IC1	4458	LOC1	N	7	10	70
103	1/1/2016	361548	IC1	5090	LOC1	Y	7	10	70
103	1/1/2016	361798	IC1	4275	LOC3	N	7	10	70
101	1/1/2016	362012	IC1	2819	LOC7	N	4	10	40
101	1/1/2016	362577	IC1	8918	LOC6	Y	6	10	60
103	1/1/2016	362709	IC1	2400	LOC7	N	6	10	60
101	1/1/2016	362831	IC1	2585	LOC5	Y	3	10	30
101	1/1/2016	362831	IC1	2585	LOC5	Y	3	10	30
101	1/1/2016	363188	IC1	3245	LOC9	Y	7	10	70
101	1/1/2016	363415	IC1	5996	LOC4	N	2	10	20
103	1/1/2016	363574	IC1	7129	LOC5	N	4	10	40
101	1/1/2016	364071	IC1	4652	LOC7	N	9	10	90
101	1/1/2016	364071	IC1	4652	LOC7	N	9	10	90
103	1/1/2016	366045	IC1	7532	LOC7	Y	9	10	90
103	1/1/2016	366767	IC1	4159	LOC5	Y	2	10	20
102	1/1/2016	367257	IC1	2078	LOC3	N	3	10	30
102	1/1/2016	368532	IC1	2543	LOC9	N	2	10	20
102	1/1/2016	369013	IC1	9098	LOC9	Y	4	10	40
103	1/1/2016	369575	IC1	8656	LOC3	Y	7	10	70
101	1/1/2016	370421	IC1	6099	LOC2	Y	10	10	100
101	1/1/2016	370483	IC1	2898	LOC9	N	9	10	90
101	1/1/2016	370483	IC1	2898	LOC9	N	3	10	30
101	1/1/2016	370781	IC1	2913	LOC6	N	8	10	80
101	1/1/2016	370997	IC1	136	LOC5	Y	7	10	70
101	1/1/2016	370997	IC1	136	LOC5	Y	4	10	40
103	1/1/2016	371507	IC1	8057	LOC7	N	10	10	100
102	1/1/2016	371880	IC1	2373	LOC10	Y	2	10	20
103	1/1/2016	371928	IC1	1241	LOC6	Y	1	10	10
103	1/1/2016	371928	IC1	1241	LOC6	Y	6	10	60
102	1/1/2016	372258	IC1	2872	LOC4	Y	4	10	40
101	1/1/2016	372589	IC1	705	LOC4	Y	3	10	30
102	1/1/2016	373904	IC1	5028	LOC5	N	7	10	70
102	1/1/2016	375733	IC1	411	LOC7	Y	5	10	50
102	1/1/2016	375835	IC1	1530	LOC2	Y	4	10	40
102	1/1/2016	375835	IC1	1530	LOC2	Y	2	10	20
101	1/1/2016	376422	IC1	999	LOC5	Y	1	10	10
101	1/1/2016	376642	IC1	8409	LOC1	N	3	10	30
101	1/1/2016	376642	IC1	8409	LOC1	N	7	10	70
101	1/1/2016	376642	IC1	8409	LOC1	N	10	10	100
101	1/1/2016	377123	IC1	8244	LOC4	Y	7	10	70
101	1/1/2016	377947	IC1	1895	LOC5	Y	9	10	90
102	1/1/2016	378068	IC1	6334	LOC2	Y	9	10	90
102	1/1/2016	378394	IC1	9065	LOC8	N	7	10	70
103	1/1/2016	378412	IC1	506	LOC2	Y	3	10	30
101	1/1/2016	378619	IC1	2427	LOC2	N	3	10	30
102	1/1/2016	378842	IC1	3002	LOC3	Y	9	10	90
101	1/1/2016	379326	IC1	3220	LOC7	Y	3	10	30
101	1/1/2016	379726	IC1	3993	LOC1	Y	6	10	60
102	1/1/2016	380157	IC1	4014	LOC4	Y	3	10	30
101	1/1/2016	380277	IC1	171	LOC3	N	3	10	30
103	1/1/2016	380285	IC1	7266	LOC3	Y	5	10	50
102	1/1/2016	380431	IC1	5572	LOC9	N	3	10	30
102	1/1/2016	381082	IC1	7734	LOC4	Y	1	10	10
102	1/1/2016	381789	IC1	2491	LOC1	Y	2	10	20
101	1/1/2016	382509	IC1	4910	LOC10	N	8	10	80
102	1/1/2016	382648	IC1	6267	LOC8	Y	2	10	20
101	1/1/2016	382737	IC1	8595	LOC3	N	9	10	90
102	1/1/2016	382920	IC1	6720	LOC9	Y	5	10	50
103	1/1/2016	382939	IC1	9829	LOC8	N	5	10	50
103	1/1/2016	382939	IC1	9829	LOC8	N	5	10	50
103	1/1/2016	383366	IC1	6749	LOC7	Y	6	10	60
101	1/1/2016	383903	IC1	14	LOC2	Y	6	10	60
102	1/1/2016	383978	IC1	7383	LOC9	N	3	10	30
102	1/1/2016	384349	IC1	6791	LOC5	Y	2	10	20
101	1/1/2016	384419	IC1	4989	LOC2	Y	3	10	30
103	1/1/2016	384597	IC1	3606	LOC5	Y	6	10	60
103	1/1/2016	385301	IC1	2756	LOC10	Y	3	10	30
103	1/1/2016	385301	IC1	2756	LOC10	Y	10	10	100
103	1/1/2016	385403	IC1	903	LOC1	Y	7	10	70
102	1/1/2016	387762	IC1	7989	LOC10	N	7	10	70
102	1/1/2016	388162	IC1	849	LOC2	N	3	10	30
101	1/1/2016	388181	IC1	249	LOC10	N	9	10	90
102	1/1/2016	388221	IC1	8249	LOC6	Y	6	10	60
103	1/1/2016	388366	IC1	4035	LOC9	Y	10	10	100
102	1/1/2016	389054	IC1	4278	LOC2	N	5	10	50
102	1/1/2016	389868	IC1	2557	LOC10	Y	7	10	70
102	1/1/2016	390320	IC1	4267	LOC10	N	3	10	30
102	1/1/2016	390320	IC1	4267	LOC10	N	3	10	30
102	1/1/2016	390320	IC1	4267	LOC10	N	9	10	90
102	1/1/2016	390547	IC1	3480	LOC3	N	5	10	50
102	1/1/2016	390815	IC1	4161	LOC1	N	4	10	40
101	1/1/2016	390995	IC1	7094	LOC6	N	10	10	100
102	1/1/2016	391225	IC1	468	LOC6	Y	10	10	100
103	1/1/2016	391719	IC1	8601	LOC7	N	3	10	30
103	1/1/2016	392003	IC1	3013	LOC6	N	10	10	100
103	1/1/2016	392178	IC1	2118	LOC6	Y	4	10	40
102	1/1/2016	392562	IC1	9970	LOC2	N	7	10	70
101	1/1/2016	393194	IC1	2669	LOC3	Y	8	10	80
101	1/1/2016	393885	IC1	4960	LOC1	Y	3	10	30
101	1/1/2016	394310	IC1	3915	LOC10	N	2	10	20
101	1/1/2016	394475	IC1	193	LOC8	Y	2	10	20
101	1/1/2016	395168	IC1	7129	LOC1	N	5	10	50
103	1/1/2016	395206	IC1	6017	LOC10	N	8	10	80
102	1/1/2016	395239	IC1	9930	LOC10	N	3	10	30
102	1/1/2016	395727	IC1	6425	LOC10	N	10	10	100
102	1/1/2016	396176	IC1	6057	LOC9	N	2	10	20
103	1/1/2016	396603	IC1	6469	LOC6	Y	9	10	90
101	1/1/2016	396678	IC1	6051	LOC3	N	1	10	10
101	1/1/2016	396705	IC1	23	LOC5	Y	6	10	60
102	1/1/2016	396758	IC1	3700	LOC8	Y	1	10	10
101	1/1/2016	396963	IC1	7832	LOC7	Y	8	10	80
102	1/1/2016	396984	IC1	1466	LOC9	Y	4	10	40
103	1/1/2016	397070	IC1	6081	LOC2	Y	6	10	60
101	1/1/2016	397970	IC1	2651	LOC5	Y	1	10	10
102	1/1/2016	397990	IC1	338	LOC9	N	9	10	90
103	1/1/2016	398274	IC1	3706	LOC7	N	1	10	10
102	1/1/2016	398658	IC1	770	LOC4	Y	10	10	100
102	1/1/2016	398658	IC1	770	LOC4	Y	10	10	100
101	1/1/2016	398763	IC1	3822	LOC10	Y	3	10	30
102	1/1/2016	398790	IC1	548	LOC7	N	7	10	70
101	1/1/2016	399013	IC1	4946	LOC7	Y	6	10	60
103	1/1/2016	399156	IC1	3010	LOC5	N	5	10	50
102	1/1/2016	399634	IC1	8653	LOC8	Y	8	10	80
102	1/1/2016	399692	IC1	2774	LOC3	Y	6	10	60
102	1/1/2016	399786	IC1	3984	LOC3	N	9	10	90
102	1/1/2016	399851	IC1	7472	LOC9	N	6	10	60
101	1/1/2016	400395	IC1	6848	LOC2	N	5	10	50
101	1/1/2016	400395	IC1	6848	LOC2	N	1	10	10
101	1/1/2016	400610	IC1	1557	LOC1	N	2	10	20
101	1/1/2016	400610	IC1	1557	LOC1	N	5	10	50
103	1/1/2016	401300	IC1	6794	LOC8	N	6	10	60
101	1/1/2016	402127	IC1	8719	LOC10	Y	1	10	10
101	1/1/2016	402694	IC1	4654	LOC1	N	8	10	80
103	1/1/2016	402794	IC1	6830	LOC5	Y	5	10	50
101	1/1/2016	402881	IC1	5909	LOC6	N	2	10	20
102	1/1/2016	402929	IC1	82	LOC6	N	10	10	100
103	1/1/2016	403596	IC1	1662	LOC9	N	8	10	80
102	1/1/2016	403906	IC1	9601	LOC7	N	8	10	80
103	1/1/2016	404694	IC1	6847	LOC7	N	1	10	10
103	1/1/2016	406006	IC1	5775	LOC10	Y	8	10	80
103	1/1/2016	406133	IC1	2532	LOC9	N	6	10	60
101	1/1/2016	406509	IC1	4965	LOC4	Y	5	10	50
103	1/1/2016	406552	IC1	9565	LOC4	N	8	10	80
103	1/1/2016	407630	IC1	8479	LOC8	N	9	10	90
103	1/1/2016	407630	IC1	8479	LOC8	N	2	10	20
103	1/1/2016	407669	IC1	5772	LOC7	N	7	10	70
101	1/1/2016	407839	IC1	4092	LOC9	Y	5	10	50
102	1/1/2016	408039	IC1	1000	LOC10	N	3	10	30
102	1/1/2016	408348	IC1	7149	LOC4	N	5	10	50
102	1/1/2016	408451	IC1	8658	LOC5	N	9	10	90
103	1/1/2016	408710	IC1	9903	LOC2	N	5	10	50
103	1/1/2016	409590	IC1	5080	LOC2	N	10	10	100
102	1/1/2016	409887	IC1	7735	LOC2	N	1	10	10
102	1/1/2016	409889	IC1	7202	LOC5	Y	6	10	60
101	1/1/2016	410062	IC1	9943	LOC8	Y	8	10	80
101	1/1/2016	410211	IC1	8242	LOC5	N	1	10	10
103	1/1/2016	410347	IC1	3318	LOC10	N	6	10	60
101	1/1/2016	410608	IC1	8013	LOC1	N	4	10	40
101	1/1/2016	410608	IC1	8013	LOC1	N	1	10	10
101	1/1/2016	410626	IC1	7378	LOC8	N	10	10	100
101	1/1/2016	410710	IC1	9472	LOC8	N	6	10	60
103	1/1/2016	410713	IC1	9699	LOC3	Y	3	10	30
103	1/1/2016	410713	IC1	9699	LOC3	Y	9	10	90
103	1/1/2016	411374	IC1	5595	LOC6	Y	9	10	90
103	1/1/2016	411779	IC1	2939	LOC2	N	10	10	100
103	1/1/2016	411901	IC1	6550	LOC1	N	6	10	60
101	1/1/2016	412040	IC1	3325	LOC2	Y	5	10	50
103	1/1/2016	413263	IC1	4903	LOC8	N	8	10	80
102	1/1/2016	414574	IC1	1532	LOC3	N	1	10	10
103	1/1/2016	414576	IC1	1861	LOC1	Y	3	10	30
102	1/1/2016	414593	IC1	5864	LOC1	N	1	10	10
102	1/1/2016	414915	IC1	364	LOC2	N	7	10	70
102	1/1/2016	415095	IC1	3086	LOC5	Y	5	10	50
103	1/1/2016	415398	IC1	1258	LOC1	N	1	10	10
103	1/1/2016	415431	IC1	4512	LOC8	N	6	10	60
102	1/1/2016	415600	IC1	9256	LOC6	N	3	10	30
102	1/1/2016	415872	IC1	8489	LOC1	N	1	10	10
102	1/1/2016	416399	IC1	3427	LOC10	Y	3	10	30
103	1/1/2016	416688	IC1	8986	LOC1	Y	6	10	60
102	1/1/2016	416743	IC1	4331	LOC8	N	2	10	20
102	1/1/2016	417008	IC1	228	LOC3	N	4	10	40
102	1/1/2016	417113	IC1	5302	LOC2	Y	2	10	20
102	1/1/2016	417234	IC1	8610	LOC2	Y	2	10	20
101	1/1/2016	418512	IC1	2696	LOC3	N	8	10	80
102	1/1/2016	419984	IC1	9494	LOC5	N	4	10	40
102	1/1/2016	420740	IC1	1290	LOC4	Y	9	10	90
101	1/1/2016	421246	IC1	3735	LOC1	Y	6	10	60
103	1/1/2016	422490	IC1	1679	LOC6	N	4	10	40
102	1/1/2016	422495	IC1	5606	LOC7	Y	7	10	70
101	1/1/2016	422734	IC1	7764	LOC5	Y	10	10	100
103	1/1/2016	423400	IC1	6555	LOC3	N	4	10	40
103	1/1/2016	424086	IC1	9907	LOC10	Y	1	10	10
103	1/1/2016	425267	IC1	9208	LOC4	Y	9	10	90
101	1/1/2016	425932	IC1	689	LOC7	N	3	10	30
103	1/1/2016	426063	IC1	86	LOC8	N	2	10	20
101	1/1/2016	426538	IC1	2761	LOC2	N	1	10	10
101	1/1/2016	426798	IC1	1545	LOC5	Y	10	10	100
101	1/1/2016	426798	IC1	1545	LOC5	Y	1	10	10
101	1/1/2016	426798	IC1	1545	LOC5	Y	1	10	10
102	1/1/2016	427226	IC1	8577	LOC2	Y	9	10	90
102	1/1/2016	427276	IC1	7943	LOC10	N	4	10	40
103	1/1/2016	427446	IC1	2769	LOC10	N	10	10	100
102	1/1/2016	427861	IC1	2507	LOC7	N	10	10	100
102	1/1/2016	427861	IC1	2507	LOC7	N	3	10	30
101	1/1/2016	427874	IC1	4875	LOC2	Y	8	10	80
102	1/1/2016	428119	IC1	2505	LOC6	N	6	10	60
103	1/1/2016	428560	IC1	1631	LOC6	Y	2	10	20
102	1/1/2016	428742	IC1	6009	LOC8	N	8	10	80
103	1/1/2016	428767	IC1	8973	LOC3	N	8	10	80
101	1/1/2016	429616	IC1	4713	LOC1	N	7	10	70
101	1/1/2016	429616	IC1	4713	LOC1	N	4	10	40
102	1/1/2016	430206	IC1	8413	LOC2	N	1	10	10
101	1/1/2016	431003	IC1	7796	LOC5	N	5	10	50
103	1/1/2016	431584	IC1	9983	LOC4	Y	2	10	20
102	1/1/2016	431921	IC1	1121	LOC7	N	1	10	10
101	1/1/2016	432519	IC1	6022	LOC3	Y	6	10	60
102	1/1/2016	432997	IC1	2397	LOC6	N	7	10	70
101	1/1/2016	433539	IC1	6527	LOC2	N	8	10	80
101	1/1/2016	433574	IC1	3702	LOC8	N	4	10	40
103	1/1/2016	434428	IC1	9895	LOC3	N	9	10	90
103	1/1/2016	434462	IC1	7472	LOC1	Y	2	10	20
103	1/1/2016	434462	IC1	7472	LOC1	Y	10	10	100
103	1/1/2016	434889	IC1	425	LOC3	N	3	10	30
101	1/1/2016	434970	IC1	6251	LOC1	Y	7	10	70
103	1/1/2016	435390	IC1	9980	LOC2	N	3	10	30
102	1/1/2016	435725	IC1	2932	LOC1	N	8	10	80
102	1/1/2016	435879	IC1	4430	LOC8	Y	6	10	60
102	1/1/2016	435879	IC1	4430	LOC8	Y	1	10	10
102	1/1/2016	436272	IC1	8304	LOC4	N	9	10	90
102	1/1/2016	436337	IC1	9352	LOC2	N	6	10	60
103	1/1/2016	436540	IC1	8310	LOC2	N	6	10	60
103	1/1/2016	436960	IC1	7394	LOC10	Y	6	10	60
101	1/1/2016	437510	IC1	3511	LOC8	Y	1	10	10
101	1/1/2016	437907	IC1	2808	LOC8	Y	10	10	100
103	1/1/2016	438316	IC1	1282	LOC8	Y	6	10	60
103	1/1/2016	438316	IC1	1282	LOC8	Y	8	10	80
101	1/1/2016	439099	IC1	3067	LOC6	N	6	10	60
102	1/1/2016	439694	IC1	8717	LOC8	N	10	10	100
101	1/1/2016	440348	IC1	7550	LOC10	Y	8	10	80
102	1/1/2016	440516	IC1	699	LOC7	Y	8	10	80
102	1/1/2016	440656	IC1	7475	LOC9	Y	3	10	30
102	1/1/2016	440660	IC1	4467	LOC2	N	2	10	20
102	1/1/2016	441295	IC1	6358	LOC9	N	5	10	50
103	1/1/2016	441603	IC1	4087	LOC2	N	10	10	100
103	1/1/2016	441837	IC1	4037	LOC4	N	7	10	70
101	1/1/2016	442180	IC1	7953	LOC10	Y	3	10	30
101	1/1/2016	443802	IC1	3522	LOC1	Y	10	10	100
103	1/1/2016	444368	IC1	3663	LOC2	N	1	10	10
103	1/1/2016	444455	IC1	268	LOC3	N	5	10	50
102	1/1/2016	444793	IC1	5189	LOC8	N	2	10	20
102	1/1/2016	445193	IC1	9171	LOC6	Y	6	10	60
103	1/1/2016	445953	IC1	7676	LOC4	Y	4	10	40
103	1/1/2016	446212	IC1	8150	LOC6	Y	9	10	90
103	1/1/2016	446316	IC1	1138	LOC10	Y	1	10	10
102	1/1/2016	447441	IC1	7250	LOC2	N	8	10	80
103	1/1/2016	447508	IC1	589	LOC1	N	7	10	70
103	1/1/2016	447508	IC1	589	LOC1	N	2	10	20
102	1/1/2016	447518	IC1	62	LOC10	Y	9	10	90
103	1/1/2016	447749	IC1	1325	LOC8	N	6	10	60
103	1/1/2016	448416	IC1	2215	LOC5	Y	4	10	40
102	1/1/2016	448508	IC1	748	LOC3	Y	5	10	50
102	1/1/2016	448681	IC1	9587	LOC8	N	7	10	70
103	1/1/2016	448785	IC1	8630	LOC7	N	2	10	20
101	1/1/2016	448908	IC1	5322	LOC5	N	9	10	90
101	1/1/2016	449295	IC1	6640	LOC1	N	1	10	10
103	1/1/2016	449567	IC1	8835	LOC9	N	6	10	60
103	1/1/2016	449640	IC1	8116	LOC2	N	3	10	30
102	1/1/2016	449873	IC1	901	LOC3	N	9	10	90
102	1/1/2016	449936	IC1	5214	LOC5	Y	8	10	80
102	1/1/2016	450311	IC1	9521	LOC6	N	6	10	60
101	1/1/2016	450325	IC1	6346	LOC3	Y	1	10	10
103	1/1/2016	452450	IC1	9347	LOC8	Y	3	10	30
102	1/1/2016	452624	IC1	9720	LOC7	Y	7	10	70
103	1/1/2016	452640	IC1	6197	LOC7	N	3	10	30
103	1/1/2016	452872	IC1	9037	LOC4	N	5	10	50
101	1/1/2016	453249	IC1	1195	LOC10	N	3	10	30
102	1/1/2016	453719	IC1	37	LOC10	N	9	10	90
103	1/1/2016	454000	IC1	1591	LOC4	N	3	10	30
103	1/1/2016	454349	IC1	8813	LOC8	N	2	10	20
103	1/1/2016	454431	IC1	4462	LOC5	Y	8	10	80
102	1/1/2016	454661	IC1	9558	LOC6	N	2	10	20
101	1/1/2016	454884	IC1	9295	LOC1	N	6	10	60
102	1/1/2016	454987	IC1	9051	LOC3	N	8	10	80
102	1/1/2016	455772	IC1	283	LOC8	N	9	10	90
103	1/1/2016	456337	IC1	5938	LOC4	N	1	10	10
103	1/1/2016	456362	IC1	3488	LOC6	N	2	10	20
102	1/1/2016	456717	IC1	3639	LOC10	N	6	10	60
101	1/1/2016	456736	IC1	8204	LOC3	Y	9	10	90
102	1/1/2016	457371	IC1	4832	LOC2	Y	9	10	90
103	1/1/2016	457563	IC1	5644	LOC5	Y	4	10	40
102	1/1/2016	457625	IC1	8316	LOC3	N	10	10	100
102	1/1/2016	457625	IC1	8316	LOC3	N	3	10	30
102	1/1/2016	457625	IC1	8316	LOC3	N	7	10	70
103	1/1/2016	457657	IC1	4324	LOC4	N	7	10	70
103	1/1/2016	457762	IC1	4121	LOC1	N	10	10	100
101	1/1/2016	458765	IC1	7684	LOC8	Y	1	10	10
101	1/1/2016	458793	IC1	3960	LOC7	N	8	10	80
102	1/1/2016	458953	IC1	6481	LOC4	Y	2	10	20
102	1/1/2016	458973	IC1	1308	LOC10	Y	4	10	40
102	1/1/2016	459103	IC1	5217	LOC9	Y	1	10	10
102	1/1/2016	459172	IC1	7119	LOC1	Y	4	10	40
103	1/1/2016	459232	IC1	6977	LOC8	Y	7	10	70
102	1/1/2016	459373	IC1	4788	LOC3	N	8	10	80
101	1/1/2016	459589	IC1	9918	LOC7	Y	7	10	70
101	1/1/2016	460268	IC1	9178	LOC8	Y	2	10	20
103	1/1/2016	460387	IC1	9567	LOC9	N	3	10	30
103	1/1/2016	460407	IC1	3917	LOC2	Y	10	10	100
102	1/1/2016	460672	IC1	6161	LOC3	Y	5	10	50
102	1/1/2016	460672	IC1	6161	LOC3	Y	10	10	100
102	1/1/2016	461963	IC1	5968	LOC8	Y	4	10	40
103	1/1/2016	463509	IC1	2944	LOC5	Y	1	10	10
101	1/1/2016	463661	IC1	3212	LOC10	Y	7	10	70
103	1/1/2016	463802	IC1	9426	LOC1	N	2	10	20
102	1/1/2016	463839	IC1	2405	LOC10	Y	10	10	100
103	1/1/2016	464535	IC1	5262	LOC9	Y	10	10	100
103	1/1/2016	464603	IC1	7507	LOC9	N	8	10	80
102	1/1/2016	465110	IC1	1413	LOC1	N	4	10	40
102	1/1/2016	465327	IC1	8230	LOC10	N	3	10	30
101	1/1/2016	465455	IC1	395	LOC7	Y	2	10	20
103	1/1/2016	465485	IC1	6952	LOC1	Y	10	10	100
102	1/1/2016	465582	IC1	9480	LOC3	N	9	10	90
101	1/1/2016	465877	IC1	4304	LOC7	N	5	10	50
103	1/1/2016	466147	IC1	47	LOC10	Y	7	10	70
102	1/1/2016	467070	IC1	3193	LOC2	N	8	10	80
102	1/1/2016	467575	IC1	9698	LOC9	Y	8	10	80
102	1/1/2016	468809	IC1	5551	LOC9	Y	9	10	90
101	1/1/2016	469338	IC1	1113	LOC9	N	4	10	40
101	1/1/2016	469368	IC1	9345	LOC6	N	7	10	70
102	1/1/2016	469458	IC1	5673	LOC1	N	5	10	50
103	1/1/2016	469685	IC1	2466	LOC2	N	5	10	50
102	1/1/2016	469786	IC1	5218	LOC8	Y	5	10	50
103	1/1/2016	469948	IC1	4969	LOC2	N	2	10	20
102	1/1/2016	470497	IC1	4258	LOC8	Y	9	10	90
102	1/1/2016	470706	IC1	8335	LOC3	Y	9	10	90
102	1/1/2016	471084	IC1	4691	LOC4	Y	8	10	80
102	1/1/2016	471170	IC1	2733	LOC10	N	2	10	20
102	1/1/2016	472524	IC1	1460	LOC6	Y	8	10	80
102	1/1/2016	472678	IC1	5764	LOC4	N	8	10	80
102	1/1/2016	472893	IC1	8014	LOC6	Y	3	10	30
101	1/1/2016	473019	IC1	8368	LOC7	N	10	10	100
101	1/1/2016	473019	IC1	8368	LOC7	N	7	10	70
101	1/1/2016	473419	IC1	8783	LOC10	N	9	10	90
102	1/1/2016	473738	IC1	7579	LOC5	N	8	10	80
102	1/1/2016	474003	IC1	798	LOC7	Y	1	10	10
101	1/1/2016	474028	IC1	8149	LOC5	Y	9	10	90
102	1/1/2016	474348	IC1	6748	LOC4	N	6	10	60
101	1/1/2016	475285	IC1	5665	LOC10	N	8	10	80
101	1/1/2016	475641	IC1	3446	LOC9	Y	10	10	100
103	1/1/2016	475884	IC1	886	LOC7	Y	8	10	80
102	1/1/2016	476787	IC1	6156	LOC5	N	9	10	90
101	1/1/2016	476955	IC1	8300	LOC9	Y	7	10	70
102	1/1/2016	477432	IC1	3645	LOC4	N	3	10	30
103	1/1/2016	477556	IC1	3928	LOC2	N	3	10	30
101	1/1/2016	478123	IC1	467	LOC3	Y	4	10	40
101	1/1/2016	478123	IC1	467	LOC3	Y	4	10	40
103	1/1/2016	478966	IC1	4277	LOC7	N	1	10	10
103	1/1/2016	479016	IC1	6651	LOC8	Y	8	10	80
103	1/1/2016	479363	IC1	1620	LOC4	Y	7	10	70
102	1/1/2016	480122	IC1	8528	LOC2	N	7	10	70
102	1/1/2016	481304	IC1	1673	LOC5	N	2	10	20
101	1/1/2016	481631	IC1	32	LOC6	N	7	10	70
102	1/1/2016	482154	IC1	7740	LOC9	Y	3	10	30
103	1/1/2016	482309	IC1	6019	LOC1	N	9	10	90
103	1/1/2016	482320	IC1	1924	LOC8	Y	9	10	90
103	1/1/2016	482400	IC1	687	LOC10	Y	3	10	30
103	1/1/2016	482479	IC1	8099	LOC6	Y	8	10	80
101	1/1/2016	483400	IC1	4179	LOC9	N	8	10	80
103	1/1/2016	483529	IC1	4039	LOC4	Y	2	10	20
102	1/1/2016	483553	IC1	9967	LOC10	Y	3	10	30
102	1/1/2016	483553	IC1	9967	LOC10	Y	5	10	50
101	1/1/2016	483555	IC1	4618	LOC5	N	1	10	10
102	1/1/2016	484118	IC1	5902	LOC2	Y	5	10	50
101	1/1/2016	484128	IC1	1929	LOC5	Y	10	10	100
102	1/1/2016	484476	IC1	409	LOC8	Y	5	10	50
102	1/1/2016	484476	IC1	409	LOC8	Y	2	10	20
102	1/1/2016	484580	IC1	4220	LOC6	N	9	10	90
102	1/1/2016	485236	IC1	7132	LOC8	Y	2	10	20
101	1/1/2016	485247	IC1	8213	LOC2	N	7	10	70
101	1/1/2016	485646	IC1	9492	LOC1	Y	3	10	30
102	1/1/2016	487252	IC1	4451	LOC7	N	6	10	60
103	1/1/2016	487475	IC1	6076	LOC4	Y	6	10	60
102	1/1/2016	487538	IC1	5177	LOC9	Y	10	10	100
101	1/1/2016	487865	IC1	5686	LOC6	Y	9	10	90
101	1/1/2016	489017	IC1	6605	LOC7	Y	10	10	100
103	1/1/2016	489036	IC1	3148	LOC7	N	7	10	70
101	1/1/2016	489238	IC1	4563	LOC7	N	8	10	80
103	1/1/2016	489429	IC1	8240	LOC6	N	7	10	70
102	1/1/2016	489690	IC1	9363	LOC1	Y	1	10	10
102	1/1/2016	489763	IC1	1491	LOC7	N	5	10	50
101	1/1/2016	490052	IC1	2948	LOC4	Y	4	10	40
102	1/1/2016	490583	IC1	8978	LOC7	Y	1	10	10
101	1/1/2016	491062	IC1	5984	LOC3	N	9	10	90
101	1/1/2016	491510	IC1	6978	LOC8	N	9	10	90
102	1/1/2016	491891	IC1	1236	LOC8	N	8	10	80
103	1/1/2016	492629	IC1	5025	LOC9	N	10	10	100
103	1/1/2016	492629	IC1	5025	LOC9	N	8	10	80
101	1/1/2016	492752	IC1	5217	LOC3	Y	1	10	10
103	1/1/2016	492937	IC1	8209	LOC2	N	3	10	30
102	1/1/2016	493311	IC1	8116	LOC10	N	9	10	90
103	1/1/2016	493546	IC1	2096	LOC7	Y	7	10	70
101	1/1/2016	493823	IC1	841	LOC8	N	6	10	60
102	1/1/2016	494220	IC1	8220	LOC4	N	3	10	30
102	1/1/2016	494385	IC1	9817	LOC9	N	3	10	30
103	1/1/2016	494746	IC1	5835	LOC7	N	5	10	50
103	1/1/2016	494949	IC1	7989	LOC5	N	3	10	30
102	1/1/2016	495285	IC1	3177	LOC2	Y	8	10	80
103	1/1/2016	495407	IC1	5027	LOC8	N	5	10	50
103	1/1/2016	495807	IC1	8168	LOC4	Y	9	10	90
101	1/1/2016	495943	IC1	6503	LOC3	Y	7	10	70
101	1/1/2016	496393	IC1	4722	LOC3	N	1	10	10
101	1/1/2016	496594	IC1	6499	LOC7	Y	6	10	60
102	1/1/2016	496606	IC1	1507	LOC1	Y	6	10	60
102	1/1/2016	496842	IC1	129	LOC5	Y	5	10	50
102	1/1/2016	497779	IC1	437	LOC7	N	1	10	10
101	1/1/2016	497994	IC1	8616	LOC2	Y	4	10	40
103	1/1/2016	498186	IC1	651	LOC8	N	9	10	90
103	1/1/2016	498437	IC1	5689	LOC10	Y	8	10	80
103	1/1/2016	498655	IC1	6269	LOC9	Y	4	10	40
101	1/1/2016	499059	IC1	9879	LOC10	N	7	10	70
